Stock Ticker,Datetime,Open,High,Low,Close,Adj_Close,Volume
AAPL,2023-03-13 09:30:00-04:00,147.80499267578125,150.10000610351562,147.6999969482422,149.16000366210938,149.16000366210938,4418102
AAPL,2023-03-13 09:35:00-04:00,149.17999267578125,149.22999572753906,148.12100219726562,148.6999969482422,148.6999969482422,1473746
AAPL,2023-03-13 09:40:00-04:00,148.72000122070312,149.00999450683594,148.4199981689453,148.75,148.75,1252983
AAPL,2023-03-13 09:45:00-04:00,148.75,150.3000030517578,148.56100463867188,150.02000427246094,150.02000427246094,1812591
AAPL,2023-03-13 09:50:00-04:00,150.02999877929688,150.5800018310547,149.92999267578125,150.4499969482422,150.4499969482422,1460521
AAPL,2023-03-13 09:55:00-04:00,150.4499969482422,151.13999938964844,150.27999877929688,150.74000549316406,150.74000549316406,1497328
AAPL,2023-03-13 10:00:00-04:00,150.74000549316406,151.08999633789062,150.39999389648438,150.80380249023438,150.80380249023438,1196559
AAPL,2023-03-13 10:05:00-04:00,150.80999755859375,151.47000122070312,150.27000427246094,151.13510131835938,151.13510131835938,1500559
AAPL,2023-03-13 10:10:00-04:00,151.1199951171875,151.27999877929688,150.57000732421875,150.889892578125,150.889892578125,1366917
AAPL,2023-03-13 10:15:00-04:00,150.8699951171875,151.02000427246094,150.31509399414062,150.60000610351562,150.60000610351562,1365176
AAPL,2023-03-13 10:20:00-04:00,150.57000732421875,151.2550048828125,150.4199981689453,150.8699951171875,150.8699951171875,1076096
AAPL,2023-03-13 10:25:00-04:00,150.8800048828125,151.17999267578125,150.66000366210938,150.85000610351562,150.85000610351562,993513
AAPL,2023-03-13 10:30:00-04:00,150.8699951171875,151.8699951171875,150.66000366210938,151.5800018310547,151.5800018310547,1605251
AAPL,2023-03-13 10:35:00-04:00,151.5749969482422,151.66000366210938,150.9199981689453,151.26010131835938,151.26010131835938,988562
AAPL,2023-03-13 10:40:00-04:00,151.27999877929688,151.3643035888672,150.5399932861328,150.99000549316406,150.99000549316406,1101378
AAPL,2023-03-13 10:45:00-04:00,150.97999572753906,151.19529724121094,150.6999969482422,151.00999450683594,151.00999450683594,961887
AAPL,2023-03-13 10:50:00-04:00,151.00999450683594,151.0800018310547,150.19000244140625,150.69000244140625,150.69000244140625,1187286
AAPL,2023-03-13 10:55:00-04:00,150.61000061035156,151.75,150.61000061035156,151.56109619140625,151.56109619140625,1308380
AAPL,2023-03-13 11:00:00-04:00,151.56500244140625,152.16000366210938,151.34010314941406,151.74989318847656,151.74989318847656,1316622
AAPL,2023-03-13 11:05:00-04:00,151.77000427246094,152.14999389648438,151.66000366210938,151.91000366210938,151.91000366210938,1141956
AAPL,2023-03-13 11:10:00-04:00,151.89999389648438,152.5500030517578,151.85000610351562,152.0753936767578,152.0753936767578,1242022
AAPL,2023-03-13 11:15:00-04:00,152.08999633789062,152.66000366210938,152.05999755859375,152.3300018310547,152.3300018310547,1041269
AAPL,2023-03-13 11:20:00-04:00,152.35000610351562,152.4250030517578,151.61000061035156,151.97000122070312,151.97000122070312,985804
AAPL,2023-03-13 11:25:00-04:00,151.99000549316406,152.63999938964844,151.9499969482422,152.55999755859375,152.55999755859375,1153601
AAPL,2023-03-13 11:30:00-04:00,152.55999755859375,152.67999267578125,152.25999450683594,152.45559692382812,152.45559692382812,865698
AAPL,2023-03-13 11:35:00-04:00,152.4600067138672,152.63999938964844,152.27000427246094,152.44000244140625,152.44000244140625,974015
AAPL,2023-03-13 11:40:00-04:00,152.4499969482422,152.9199981689453,152.4199981689453,152.67410278320312,152.67410278320312,998491
AAPL,2023-03-13 11:45:00-04:00,152.66000366210938,153.13999938964844,152.50999450683594,153.0800018310547,153.0800018310547,1193276
AAPL,2023-03-13 11:50:00-04:00,153.0800018310547,153.1199951171875,152.3300018310547,152.3343963623047,152.3343963623047,916446
AAPL,2023-03-13 11:55:00-04:00,152.32000732421875,152.72000122070312,152.22999572753906,152.61000061035156,152.61000061035156,867230
AAPL,2023-03-13 12:00:00-04:00,152.61000061035156,153.10000610351562,152.0500030517578,152.22999572753906,152.22999572753906,1080418
AAPL,2023-03-13 12:05:00-04:00,152.24000549316406,152.75,152.16000366210938,152.6999969482422,152.6999969482422,821815
AAPL,2023-03-13 12:10:00-04:00,152.7100067138672,152.82000732421875,152.1999969482422,152.47999572753906,152.47999572753906,750812
AAPL,2023-03-13 12:15:00-04:00,152.4600067138672,152.77999877929688,152.2100067138672,152.3000030517578,152.3000030517578,565557
AAPL,2023-03-13 12:20:00-04:00,152.2899932861328,152.49000549316406,152.00999450683594,152.08999633789062,152.08999633789062,748360
AAPL,2023-03-13 12:25:00-04:00,152.08999633789062,152.36000061035156,151.97999572753906,152.24000549316406,152.24000549316406,772530
AAPL,2023-03-13 12:30:00-04:00,152.22999572753906,152.36000061035156,151.69000244140625,151.75999450683594,151.75999450683594,722618
AAPL,2023-03-13 12:35:00-04:00,151.75579833984375,152.3800048828125,151.75,152.12989807128906,152.12989807128906,659725
AAPL,2023-03-13 12:40:00-04:00,152.1300048828125,152.5845947265625,152.0800018310547,152.2899932861328,152.2899932861328,694828
AAPL,2023-03-13 12:45:00-04:00,152.2899932861328,152.5,151.47000122070312,151.67999267578125,151.67999267578125,745375
AAPL,2023-03-13 12:50:00-04:00,151.6699981689453,152.0500030517578,151.55999755859375,151.875,151.875,627387
AAPL,2023-03-13 12:55:00-04:00,151.88999938964844,152.02000427246094,151.5500030517578,151.8000030517578,151.8000030517578,516218
AAPL,2023-03-13 13:00:00-04:00,151.8000030517578,151.86000061035156,151.19000244140625,151.44000244140625,151.44000244140625,710728
AAPL,2023-03-13 13:05:00-04:00,151.4499969482422,151.57000732421875,151.0500030517578,151.5500030517578,151.5500030517578,627621
AAPL,2023-03-13 13:10:00-04:00,151.5500030517578,151.72000122070312,151.3800048828125,151.59500122070312,151.59500122070312,633967
AAPL,2023-03-13 13:15:00-04:00,151.58999633789062,151.89999389648438,151.39999389648438,151.52999877929688,151.52999877929688,642453
AAPL,2023-03-13 13:20:00-04:00,151.52000427246094,151.5749969482422,151.08999633789062,151.08999633789062,151.08999633789062,515543
AAPL,2023-03-13 13:25:00-04:00,151.0800018310547,151.3571014404297,150.99000549316406,151.24000549316406,151.24000549316406,657840
AAPL,2023-03-13 13:30:00-04:00,151.22999572753906,151.35000610351562,150.89639282226562,150.9499969482422,150.9499969482422,622799
AAPL,2023-03-13 13:35:00-04:00,150.9499969482422,151.92999267578125,150.8800048828125,151.69119262695312,151.69119262695312,962207
AAPL,2023-03-13 13:40:00-04:00,151.6999969482422,151.83999633789062,151.50999450683594,151.7899932861328,151.7899932861328,524316
AAPL,2023-03-13 13:45:00-04:00,151.77000427246094,151.86000061035156,151.52999877929688,151.61459350585938,151.61459350585938,418484
AAPL,2023-03-13 13:50:00-04:00,151.61000061035156,151.8699951171875,151.5399932861328,151.6199951171875,151.6199951171875,464620
AAPL,2023-03-13 13:55:00-04:00,151.6199951171875,152.0399932861328,151.58999633789062,151.90440368652344,151.90440368652344,526211
AAPL,2023-03-13 14:00:00-04:00,151.9199981689453,152.3699951171875,151.85000610351562,152.0800018310547,152.0800018310547,635878
AAPL,2023-03-13 14:05:00-04:00,152.0800018310547,152.14999389648438,151.85000610351562,151.89999389648438,151.89999389648438,467332
AAPL,2023-03-13 14:10:00-04:00,151.88999938964844,152.17999267578125,151.75999450683594,152.02999877929688,152.02999877929688,701795
AAPL,2023-03-13 14:15:00-04:00,152.0399932861328,152.39999389648438,152.0216064453125,152.0800018310547,152.0800018310547,701177
AAPL,2023-03-13 14:20:00-04:00,152.07000732421875,152.38999938964844,151.94000244140625,152.3800048828125,152.3800048828125,630532
AAPL,2023-03-13 14:25:00-04:00,152.3800048828125,152.5399932861328,152.0500030517578,152.22999572753906,152.22999572753906,622019
AAPL,2023-03-13 14:30:00-04:00,152.22000122070312,152.6999969482422,152.2100067138672,152.52999877929688,152.52999877929688,659334
AAPL,2023-03-13 14:35:00-04:00,152.52999877929688,152.52999877929688,151.88999938964844,152.05999755859375,152.05999755859375,761846
AAPL,2023-03-13 14:40:00-04:00,152.07000732421875,152.3699951171875,151.91000366210938,152.16690063476562,152.16690063476562,703330
AAPL,2023-03-13 14:45:00-04:00,152.17190551757812,152.17999267578125,151.72999572753906,152.0500030517578,152.0500030517578,639885
AAPL,2023-03-13 14:50:00-04:00,152.0399932861328,152.1699981689453,151.87010192871094,152.1656951904297,152.1656951904297,479604
AAPL,2023-03-13 14:55:00-04:00,152.1699981689453,152.25,152.00999450683594,152.11439514160156,152.11439514160156,486680
AAPL,2023-03-13 15:00:00-04:00,152.11000061035156,152.35000610351562,151.6699981689453,151.67599487304688,151.67599487304688,569568
AAPL,2023-03-13 15:05:00-04:00,151.6699981689453,152.2100067138672,151.61000061035156,151.8695068359375,151.8695068359375,737067
AAPL,2023-03-13 15:10:00-04:00,151.8699951171875,152.30999755859375,151.85000610351562,152.13999938964844,152.13999938964844,726533
AAPL,2023-03-13 15:15:00-04:00,152.13999938964844,152.25999450683594,151.66000366210938,151.77999877929688,151.77999877929688,653094
AAPL,2023-03-13 15:20:00-04:00,151.77999877929688,151.80999755859375,151.17999267578125,151.25799560546875,151.25799560546875,823488
AAPL,2023-03-13 15:25:00-04:00,151.25999450683594,151.3000030517578,150.82000732421875,151.02999877929688,151.02999877929688,1085612
AAPL,2023-03-13 15:30:00-04:00,151.0500030517578,151.36000061035156,150.9801025390625,151.25,151.25,858488
AAPL,2023-03-13 15:35:00-04:00,151.24000549316406,151.5,151.1199951171875,151.4499969482422,151.4499969482422,776158
AAPL,2023-03-13 15:40:00-04:00,151.4499969482422,151.6199951171875,151.02999877929688,151.23500061035156,151.23500061035156,934121
AAPL,2023-03-13 15:45:00-04:00,151.25,151.3594970703125,150.9600067138672,151.02999877929688,151.02999877929688,960031
AAPL,2023-03-13 15:50:00-04:00,151.02999877929688,151.02999877929688,150.52999877929688,150.72000122070312,150.72000122070312,1589634
AAPL,2023-03-13 15:55:00-04:00,150.72000122070312,150.9199981689453,150.35000610351562,150.4600067138672,150.4600067138672,2465991
AAPL,2023-03-14 09:30:00-04:00,151.27999877929688,152.02000427246094,151.17999267578125,151.75,151.75,3902173
AAPL,2023-03-14 09:35:00-04:00,151.77999877929688,152.41000366210938,151.75,152.3948974609375,152.3948974609375,1239068
AAPL,2023-03-14 09:40:00-04:00,152.38999938964844,152.7899932861328,152.2386016845703,152.52999877929688,152.52999877929688,1167149
AAPL,2023-03-14 09:45:00-04:00,152.5399932861328,152.7899932861328,152.30999755859375,152.47999572753906,152.47999572753906,986208
AAPL,2023-03-14 09:50:00-04:00,152.47000122070312,152.5500030517578,152.16000366210938,152.22999572753906,152.22999572753906,721691
AAPL,2023-03-14 09:55:00-04:00,152.22000122070312,152.67999267578125,152.02999877929688,152.53990173339844,152.53990173339844,882655
AAPL,2023-03-14 10:00:00-04:00,152.52000427246094,152.9199981689453,152.3699951171875,152.8730926513672,152.8730926513672,835356
AAPL,2023-03-14 10:05:00-04:00,152.86000061035156,153.02999877929688,152.66000366210938,152.75999450683594,152.75999450683594,919493
AAPL,2023-03-14 10:10:00-04:00,152.7490997314453,152.7698974609375,152.42999267578125,152.677001953125,152.677001953125,627474
AAPL,2023-03-14 10:15:00-04:00,152.67999267578125,152.67999267578125,152.18800354003906,152.3000030517578,152.3000030517578,634255
AAPL,2023-03-14 10:20:00-04:00,152.30999755859375,152.77999877929688,152.25,152.7100067138672,152.7100067138672,625055
AAPL,2023-03-14 10:25:00-04:00,152.7198944091797,152.8000030517578,152.60000610351562,152.77999877929688,152.77999877929688,556196
AAPL,2023-03-14 10:30:00-04:00,152.77000427246094,153.02000427246094,152.72000122070312,152.92999267578125,152.92999267578125,787409
AAPL,2023-03-14 10:35:00-04:00,152.92979431152344,153.08880615234375,152.77000427246094,153.0399932861328,153.0399932861328,655242
AAPL,2023-03-14 10:40:00-04:00,153.0399932861328,153.0800018310547,152.8249969482422,152.89999389648438,152.89999389648438,468628
AAPL,2023-03-14 10:45:00-04:00,152.88999938964844,153.1999969482422,152.82000732421875,153.17359924316406,153.17359924316406,608740
AAPL,2023-03-14 10:50:00-04:00,153.17010498046875,153.18800354003906,152.98500061035156,152.99000549316406,152.99000549316406,487843
AAPL,2023-03-14 10:55:00-04:00,152.97999572753906,153.02000427246094,152.61000061035156,152.64999389648438,152.64999389648438,779719
AAPL,2023-03-14 11:00:00-04:00,152.63999938964844,152.9600067138672,152.6199951171875,152.8300018310547,152.8300018310547,539195
AAPL,2023-03-14 11:05:00-04:00,152.82000732421875,153.14999389648438,152.77999877929688,153.11000061035156,153.11000061035156,466680
AAPL,2023-03-14 11:10:00-04:00,153.11000061035156,153.32000732421875,153.08999633789062,153.24000549316406,153.24000549316406,480765
AAPL,2023-03-14 11:15:00-04:00,153.23779296875,153.30999755859375,153.12600708007812,153.22500610351562,153.22500610351562,397684
AAPL,2023-03-14 11:20:00-04:00,153.22999572753906,153.26499938964844,153.0552978515625,153.14999389648438,153.14999389648438,479723
AAPL,2023-03-14 11:25:00-04:00,153.14999389648438,153.1898956298828,153.00999450683594,153.07000732421875,153.07000732421875,464250
AAPL,2023-03-14 11:30:00-04:00,153.05999755859375,153.14500427246094,152.94500732421875,152.9600067138672,152.9600067138672,493478
AAPL,2023-03-14 11:35:00-04:00,152.9499969482422,153.3800048828125,152.94369506835938,153.3699951171875,153.3699951171875,658244
AAPL,2023-03-14 11:40:00-04:00,153.3699951171875,153.39999389648438,153.0399932861328,153.11000061035156,153.11000061035156,494863
AAPL,2023-03-14 11:45:00-04:00,153.11000061035156,153.13999938964844,152.7550048828125,152.80999755859375,152.80999755859375,585703
AAPL,2023-03-14 11:50:00-04:00,152.80999755859375,152.99000549316406,152.7949981689453,152.86000061035156,152.86000061035156,413584
AAPL,2023-03-14 11:55:00-04:00,152.86160278320312,152.8699951171875,152.66009521484375,152.67999267578125,152.67999267578125,462325
AAPL,2023-03-14 12:00:00-04:00,152.6750030517578,152.75790405273438,152.61000061035156,152.6199951171875,152.6199951171875,526353
AAPL,2023-03-14 12:05:00-04:00,152.6199951171875,152.82000732421875,152.5012969970703,152.8000030517578,152.8000030517578,645739
AAPL,2023-03-14 12:10:00-04:00,152.80999755859375,153.0449981689453,152.80999755859375,153.00999450683594,153.00999450683594,407425
AAPL,2023-03-14 12:15:00-04:00,153.0,153.00999450683594,152.7899932861328,152.8350067138672,152.8350067138672,445411
AAPL,2023-03-14 12:20:00-04:00,152.83999633789062,152.8800048828125,152.6999969482422,152.74000549316406,152.74000549316406,432662
AAPL,2023-03-14 12:25:00-04:00,152.72000122070312,152.7899932861328,152.5500030517578,152.7100067138672,152.7100067138672,397934
AAPL,2023-03-14 12:30:00-04:00,152.7050018310547,152.88999938964844,152.68370056152344,152.8000030517578,152.8000030517578,381609
AAPL,2023-03-14 12:35:00-04:00,152.80499267578125,152.8800048828125,152.66000366210938,152.69290161132812,152.69290161132812,332712
AAPL,2023-03-14 12:40:00-04:00,152.69000244140625,152.69000244140625,152.3000030517578,152.55999755859375,152.55999755859375,2285506
AAPL,2023-03-14 12:45:00-04:00,152.55999755859375,152.86000061035156,152.50999450683594,152.81500244140625,152.81500244140625,419746
AAPL,2023-03-14 12:50:00-04:00,152.80999755859375,152.90499877929688,152.5500030517578,152.60499572753906,152.60499572753906,456882
AAPL,2023-03-14 12:55:00-04:00,152.60000610351562,152.68719482421875,152.38999938964844,152.55999755859375,152.55999755859375,462311
AAPL,2023-03-14 13:00:00-04:00,152.5699005126953,152.80149841308594,152.55999755859375,152.61500549316406,152.61500549316406,368188
AAPL,2023-03-14 13:05:00-04:00,152.6199951171875,152.64999389648438,152.2301025390625,152.33999633789062,152.33999633789062,520741
AAPL,2023-03-14 13:10:00-04:00,152.3300018310547,152.3300018310547,151.993896484375,152.02000427246094,152.02000427246094,548726
AAPL,2023-03-14 13:15:00-04:00,152.0,152.00999450683594,151.2899932861328,151.46499633789062,151.46499633789062,1144208
AAPL,2023-03-14 13:20:00-04:00,151.47000122070312,151.52999877929688,151.22999572753906,151.42010498046875,151.42010498046875,764971
AAPL,2023-03-14 13:25:00-04:00,151.4149932861328,151.97000122070312,151.37890625,151.81500244140625,151.81500244140625,696602
AAPL,2023-03-14 13:30:00-04:00,151.80999755859375,151.8800048828125,151.60760498046875,151.66000366210938,151.66000366210938,429556
AAPL,2023-03-14 13:35:00-04:00,151.63999938964844,152.06500244140625,151.5800018310547,152.0399932861328,152.0399932861328,515997
AAPL,2023-03-14 13:40:00-04:00,152.02000427246094,152.16000366210938,150.60000610351562,150.82000732421875,150.82000732421875,1658032
AAPL,2023-03-14 13:45:00-04:00,150.82000732421875,151.16000366210938,150.52000427246094,151.14999389648438,151.14999389648438,1527614
AAPL,2023-03-14 13:50:00-04:00,151.16000366210938,151.36000061035156,151.02000427246094,151.2100067138672,151.2100067138672,656222
AAPL,2023-03-14 13:55:00-04:00,151.1999969482422,151.21499633789062,150.78909301757812,150.98330688476562,150.98330688476562,790830
AAPL,2023-03-14 14:00:00-04:00,150.97999572753906,151.22000122070312,150.80999755859375,150.86000061035156,150.86000061035156,659227
AAPL,2023-03-14 14:05:00-04:00,150.85499572753906,151.00999450683594,150.42999267578125,150.9499969482422,150.9499969482422,883814
AAPL,2023-03-14 14:10:00-04:00,150.9499969482422,151.19000244140625,150.92999267578125,151.0399932861328,151.0399932861328,468422
AAPL,2023-03-14 14:15:00-04:00,151.02000427246094,151.11000061035156,150.86019897460938,151.00999450683594,151.00999450683594,514198
AAPL,2023-03-14 14:20:00-04:00,151.0,151.19500732421875,150.7803955078125,151.1331024169922,151.1331024169922,507814
AAPL,2023-03-14 14:25:00-04:00,151.14999389648438,151.4499969482422,151.11000061035156,151.3634033203125,151.3634033203125,722405
AAPL,2023-03-14 14:30:00-04:00,151.36000061035156,151.58999633789062,151.25999450683594,151.5500030517578,151.5500030517578,597669
AAPL,2023-03-14 14:35:00-04:00,151.5500030517578,151.61000061035156,151.33999633789062,151.40499877929688,151.40499877929688,430770
AAPL,2023-03-14 14:40:00-04:00,151.41000366210938,151.47999572753906,151.13999938964844,151.30999755859375,151.30999755859375,465336
AAPL,2023-03-14 14:45:00-04:00,151.3000030517578,151.63999938964844,151.1999969482422,151.33999633789062,151.33999633789062,482829
AAPL,2023-03-14 14:50:00-04:00,151.33999633789062,151.4499969482422,151.14999389648438,151.1844940185547,151.1844940185547,469468
AAPL,2023-03-14 14:55:00-04:00,151.18179321289062,151.26010131835938,150.94000244140625,151.00999450683594,151.00999450683594,434265
AAPL,2023-03-14 15:00:00-04:00,151.0124969482422,151.24000549316406,150.94000244140625,151.0800018310547,151.0800018310547,464338
AAPL,2023-03-14 15:05:00-04:00,151.07000732421875,151.139892578125,150.39999389648438,150.54559326171875,150.54559326171875,583046
AAPL,2023-03-14 15:10:00-04:00,150.5500030517578,150.5500030517578,150.10000610351562,150.25990295410156,150.25990295410156,811016
AAPL,2023-03-14 15:15:00-04:00,150.25,150.77999877929688,150.11000061035156,150.77999877929688,150.77999877929688,1152152
AAPL,2023-03-14 15:20:00-04:00,150.77999877929688,150.83999633789062,150.4600067138672,150.60150146484375,150.60150146484375,641936
AAPL,2023-03-14 15:25:00-04:00,150.5800018310547,150.875,150.52999877929688,150.86500549316406,150.86500549316406,512055
AAPL,2023-03-14 15:30:00-04:00,150.86000061035156,151.08999633789062,150.69000244140625,151.07000732421875,151.07000732421875,758012
AAPL,2023-03-14 15:35:00-04:00,151.0601043701172,151.35000610351562,151.05999755859375,151.11000061035156,151.11000061035156,702148
AAPL,2023-03-14 15:40:00-04:00,151.11000061035156,151.5,151.0500030517578,151.46499633789062,151.46499633789062,743472
AAPL,2023-03-14 15:45:00-04:00,151.46499633789062,151.66819763183594,151.3699951171875,151.60499572753906,151.60499572753906,876873
AAPL,2023-03-14 15:50:00-04:00,151.60499572753906,151.92999267578125,151.4550018310547,151.8000030517578,151.8000030517578,1845700
AAPL,2023-03-14 15:55:00-04:00,151.77999877929688,152.80999755859375,151.75999450683594,152.52000427246094,152.52000427246094,4936052
AAPL,2023-03-15 09:30:00-04:00,151.19000244140625,151.77999877929688,150.89999389648438,151.35499572753906,151.35499572753906,3956343
AAPL,2023-03-15 09:35:00-04:00,151.3699951171875,151.5399932861328,150.94000244140625,151.1199951171875,151.1199951171875,1360618
AAPL,2023-03-15 09:40:00-04:00,151.1199951171875,151.77999877929688,150.70030212402344,151.65020751953125,151.65020751953125,1478510
AAPL,2023-03-15 09:45:00-04:00,151.66000366210938,151.8000030517578,150.99000549316406,151.4250030517578,151.4250030517578,1146994
AAPL,2023-03-15 09:50:00-04:00,151.44000244140625,151.4600067138672,150.9044952392578,151.3730010986328,151.3730010986328,978002
AAPL,2023-03-15 09:55:00-04:00,151.36000061035156,151.47000122070312,150.985595703125,151.2100067138672,151.2100067138672,823178
AAPL,2023-03-15 10:00:00-04:00,151.22000122070312,151.3699951171875,150.75100708007812,151.32000732421875,151.32000732421875,1110500
AAPL,2023-03-15 10:05:00-04:00,151.30999755859375,151.65020751953125,151.0399932861328,151.30999755859375,151.30999755859375,966489
AAPL,2023-03-15 10:10:00-04:00,151.32760620117188,151.5800018310547,150.72999572753906,150.80999755859375,150.80999755859375,804579
AAPL,2023-03-15 10:15:00-04:00,150.82000732421875,151.00999450683594,150.4600067138672,150.81500244140625,150.81500244140625,957876
AAPL,2023-03-15 10:20:00-04:00,150.80999755859375,151.05999755859375,150.5800018310547,150.6999969482422,150.6999969482422,850292
AAPL,2023-03-15 10:25:00-04:00,150.6999969482422,150.93499755859375,150.47999572753906,150.60000610351562,150.60000610351562,731385
AAPL,2023-03-15 10:30:00-04:00,150.5399932861328,151.0,150.24000549316406,150.24000549316406,150.24000549316406,991753
AAPL,2023-03-15 10:35:00-04:00,150.22999572753906,150.60000610351562,150.19000244140625,150.30999755859375,150.30999755859375,799390
AAPL,2023-03-15 10:40:00-04:00,150.3000030517578,150.43499755859375,150.1300048828125,150.33999633789062,150.33999633789062,772554
AAPL,2023-03-15 10:45:00-04:00,150.3300018310547,150.52999877929688,150.05999755859375,150.17999267578125,150.17999267578125,721723
AAPL,2023-03-15 10:50:00-04:00,150.17999267578125,150.50999450683594,149.9199981689453,150.41000366210938,150.41000366210938,1077813
AAPL,2023-03-15 10:55:00-04:00,150.42990112304688,150.97999572753906,150.35000610351562,150.9199981689453,150.9199981689453,1014045
AAPL,2023-03-15 11:00:00-04:00,150.94000244140625,150.94000244140625,150.5800018310547,150.72039794921875,150.72039794921875,725287
AAPL,2023-03-15 11:05:00-04:00,150.7100067138672,151.0800018310547,150.55999755859375,150.79800415039062,150.79800415039062,877063
AAPL,2023-03-15 11:10:00-04:00,150.78990173339844,151.1999969482422,150.75999450683594,151.1199951171875,151.1199951171875,723289
AAPL,2023-03-15 11:15:00-04:00,151.1300048828125,151.2899932861328,150.9199981689453,151.25,151.25,654191
AAPL,2023-03-15 11:20:00-04:00,151.2449951171875,151.27999877929688,150.72000122070312,150.80999755859375,150.80999755859375,652805
AAPL,2023-03-15 11:25:00-04:00,150.80999755859375,151.00999450683594,150.74000549316406,150.82000732421875,150.82000732421875,474726
AAPL,2023-03-15 11:30:00-04:00,150.82000732421875,151.18499755859375,150.7100067138672,150.80999755859375,150.80999755859375,642920
AAPL,2023-03-15 11:35:00-04:00,150.80999755859375,150.9499969482422,150.6699981689453,150.7899932861328,150.7899932861328,411138
AAPL,2023-03-15 11:40:00-04:00,150.77999877929688,151.41000366210938,150.75,151.3699951171875,151.3699951171875,620550
AAPL,2023-03-15 11:45:00-04:00,151.3800048828125,151.84840393066406,151.33999633789062,151.6649932861328,151.6649932861328,1036596
AAPL,2023-03-15 11:50:00-04:00,151.6719970703125,151.71499633789062,151.2899932861328,151.3800048828125,151.3800048828125,579421
AAPL,2023-03-15 11:55:00-04:00,151.13999938964844,151.36000061035156,151.08999633789062,151.1699981689453,151.1699981689453,594071
AAPL,2023-03-15 12:00:00-04:00,151.16000366210938,151.35000610351562,151.0050048828125,151.02999877929688,151.02999877929688,459256
AAPL,2023-03-15 12:05:00-04:00,151.0200958251953,151.0200958251953,150.60000610351562,150.6300048828125,150.6300048828125,540680
AAPL,2023-03-15 12:10:00-04:00,150.6199951171875,150.69900512695312,150.52000427246094,150.66490173339844,150.66490173339844,504203
AAPL,2023-03-15 12:15:00-04:00,150.66000366210938,150.94569396972656,150.61500549316406,150.74819946289062,150.74819946289062,485825
AAPL,2023-03-15 12:20:00-04:00,150.74000549316406,150.83999633789062,150.48500061035156,150.6300048828125,150.6300048828125,629530
AAPL,2023-03-15 12:25:00-04:00,150.6199951171875,150.82000732421875,150.43499755859375,150.80999755859375,150.80999755859375,512968
AAPL,2023-03-15 12:30:00-04:00,150.80999755859375,151.22999572753906,150.74009704589844,150.99000549316406,150.99000549316406,591845
AAPL,2023-03-15 12:35:00-04:00,150.98500061035156,151.08580017089844,150.75999450683594,150.8699951171875,150.8699951171875,370913
AAPL,2023-03-15 12:40:00-04:00,150.86000061035156,150.88999938964844,150.66000366210938,150.8800048828125,150.8800048828125,311512
AAPL,2023-03-15 12:45:00-04:00,150.8800048828125,151.14999389648438,150.82000732421875,151.1300048828125,151.1300048828125,405463
AAPL,2023-03-15 12:50:00-04:00,151.1300048828125,151.1699981689453,150.7899932861328,150.83999633789062,150.83999633789062,424748
AAPL,2023-03-15 12:55:00-04:00,150.85000610351562,150.86000061035156,150.4492950439453,150.5850067138672,150.5850067138672,566471
AAPL,2023-03-15 13:00:00-04:00,150.5850067138672,150.75999450683594,150.5,150.61920166015625,150.61920166015625,469624
AAPL,2023-03-15 13:05:00-04:00,150.6199951171875,151.1699981689453,150.6199951171875,150.9600067138672,150.9600067138672,625738
AAPL,2023-03-15 13:10:00-04:00,150.9600067138672,151.45989990234375,150.92999267578125,151.42999267578125,151.42999267578125,563131
AAPL,2023-03-15 13:15:00-04:00,151.4199981689453,151.66000366210938,151.27000427246094,151.3603057861328,151.3603057861328,610064
AAPL,2023-03-15 13:20:00-04:00,151.375,151.49000549316406,151.2100067138672,151.36000061035156,151.36000061035156,459217
AAPL,2023-03-15 13:25:00-04:00,151.35000610351562,151.65499877929688,151.32000732421875,151.58999633789062,151.58999633789062,480547
AAPL,2023-03-15 13:30:00-04:00,151.58999633789062,151.64999389648438,151.33999633789062,151.5800018310547,151.5800018310547,595973
AAPL,2023-03-15 13:35:00-04:00,151.58999633789062,151.73500061035156,151.5,151.60000610351562,151.60000610351562,737467
AAPL,2023-03-15 13:40:00-04:00,151.60000610351562,151.83999633789062,151.41000366210938,151.81109619140625,151.81109619140625,849578
AAPL,2023-03-15 13:45:00-04:00,151.81939697265625,151.8699951171875,151.5200958251953,151.61000061035156,151.61000061035156,625380
AAPL,2023-03-15 13:50:00-04:00,151.60000610351562,152.1300048828125,151.5500030517578,152.11000061035156,152.11000061035156,634130
AAPL,2023-03-15 13:55:00-04:00,152.10000610351562,152.3300018310547,151.99000549316406,152.1300048828125,152.1300048828125,751977
AAPL,2023-03-15 14:00:00-04:00,152.13999938964844,152.1999969482422,151.77999877929688,151.91000366210938,151.91000366210938,512730
AAPL,2023-03-15 14:05:00-04:00,151.91000366210938,151.99000549316406,151.72000122070312,151.8000030517578,151.8000030517578,429577
AAPL,2023-03-15 14:10:00-04:00,151.7899932861328,151.94000244140625,151.69000244140625,151.75999450683594,151.75999450683594,341876
AAPL,2023-03-15 14:15:00-04:00,151.75,151.91000366210938,151.47999572753906,151.82000732421875,151.82000732421875,594480
AAPL,2023-03-15 14:20:00-04:00,151.8000030517578,152.47799682617188,151.72000122070312,152.32000732421875,152.32000732421875,779505
AAPL,2023-03-15 14:25:00-04:00,152.32000732421875,153.08999633789062,152.22999572753906,152.5,152.5,1440928
AAPL,2023-03-15 14:30:00-04:00,152.47999572753906,152.8699951171875,152.38999938964844,152.85000610351562,152.85000610351562,2427436
AAPL,2023-03-15 14:35:00-04:00,152.85690307617188,153.07000732421875,152.5500030517578,152.77999877929688,152.77999877929688,878152
AAPL,2023-03-15 14:40:00-04:00,152.77999877929688,153.07000732421875,152.6699981689453,152.85000610351562,152.85000610351562,655116
AAPL,2023-03-15 14:45:00-04:00,152.85000610351562,152.9199981689453,152.61000061035156,152.6699981689453,152.6699981689453,627319
AAPL,2023-03-15 14:50:00-04:00,152.66000366210938,152.94000244140625,152.34500122070312,152.92999267578125,152.92999267578125,668723
AAPL,2023-03-15 14:55:00-04:00,152.92999267578125,153.0,152.6999969482422,152.8699951171875,152.8699951171875,539032
AAPL,2023-03-15 15:00:00-04:00,152.8800048828125,153.2449951171875,152.74000549316406,152.82000732421875,152.82000732421875,858246
AAPL,2023-03-15 15:05:00-04:00,152.8300018310547,153.02000427246094,152.32000732421875,152.3800048828125,152.3800048828125,689063
AAPL,2023-03-15 15:10:00-04:00,152.3699951171875,152.77000427246094,152.24000549316406,152.50990295410156,152.50990295410156,742740
AAPL,2023-03-15 15:15:00-04:00,152.50999450683594,152.75,152.44000244140625,152.49000549316406,152.49000549316406,639289
AAPL,2023-03-15 15:20:00-04:00,152.49000549316406,152.77999877929688,152.30999755859375,152.57000732421875,152.57000732421875,774706
AAPL,2023-03-15 15:25:00-04:00,152.55999755859375,152.8000030517578,152.3800048828125,152.66000366210938,152.66000366210938,825233
AAPL,2023-03-15 15:30:00-04:00,152.64999389648438,152.82000732421875,152.52999877929688,152.6699981689453,152.6699981689453,834968
AAPL,2023-03-15 15:35:00-04:00,152.66000366210938,152.6999969482422,152.14999389648438,152.2899932861328,152.2899932861328,713924
AAPL,2023-03-15 15:40:00-04:00,152.28179931640625,152.35000610351562,151.78500366210938,152.24000549316406,152.24000549316406,963798
AAPL,2023-03-15 15:45:00-04:00,152.22999572753906,152.33999633789062,151.91000366210938,152.13999938964844,152.13999938964844,926638
AAPL,2023-03-15 15:50:00-04:00,152.1300048828125,152.1300048828125,151.6199951171875,151.8350067138672,151.8350067138672,1526010
AAPL,2023-03-15 15:55:00-04:00,151.82000732421875,153.00999450683594,151.82000732421875,152.99000549316406,152.99000549316406,3374712
AAPL,2023-03-16 09:30:00-04:00,152.16000366210938,152.6699981689453,151.8000030517578,152.12010192871094,152.12010192871094,2331729
AAPL,2023-03-16 09:35:00-04:00,152.1374969482422,152.35000610351562,151.63999938964844,152.33999633789062,152.33999633789062,1071734
AAPL,2023-03-16 09:40:00-04:00,152.3300018310547,152.72500610351562,152.1999969482422,152.52999877929688,152.52999877929688,923051
AAPL,2023-03-16 09:45:00-04:00,152.52999877929688,152.6999053955078,152.08999633789062,152.35499572753906,152.35499572753906,768453
AAPL,2023-03-16 09:50:00-04:00,152.36000061035156,152.99000549316406,152.3249969482422,152.81820678710938,152.81820678710938,789038
AAPL,2023-03-16 09:55:00-04:00,152.8000030517578,153.22000122070312,152.6300048828125,153.15499877929688,153.15499877929688,952319
AAPL,2023-03-16 10:00:00-04:00,153.13999938964844,153.52999877929688,152.9600067138672,153.27499389648438,153.27499389648438,1148854
AAPL,2023-03-16 10:05:00-04:00,153.27499389648438,153.2899932861328,152.82000732421875,152.85000610351562,152.85000610351562,963776
AAPL,2023-03-16 10:10:00-04:00,152.8551025390625,153.33999633789062,152.85000610351562,153.2100067138672,153.2100067138672,816228
AAPL,2023-03-16 10:15:00-04:00,153.1999969482422,153.25999450683594,152.75,152.86990356445312,152.86990356445312,643495
AAPL,2023-03-16 10:20:00-04:00,152.8603973388672,153.24000549316406,152.74000549316406,153.1988067626953,153.1988067626953,613397
AAPL,2023-03-16 10:25:00-04:00,153.1999969482422,153.3800048828125,153.13009643554688,153.22999572753906,153.22999572753906,582617
AAPL,2023-03-16 10:30:00-04:00,153.2100067138672,153.2899932861328,152.92999267578125,153.02999877929688,153.02999877929688,645549
AAPL,2023-03-16 10:35:00-04:00,153.0399932861328,153.27000427246094,152.83999633789062,153.07000732421875,153.07000732421875,615641
AAPL,2023-03-16 10:40:00-04:00,153.0500030517578,153.72999572753906,153.00999450683594,153.5500030517578,153.5500030517578,1105806
AAPL,2023-03-16 10:45:00-04:00,153.5500030517578,154.0800018310547,153.4803009033203,153.8000030517578,153.8000030517578,1242643
AAPL,2023-03-16 10:50:00-04:00,153.8000030517578,154.14999389648438,153.77499389648438,153.88800048828125,153.88800048828125,1200642
AAPL,2023-03-16 10:55:00-04:00,153.8800048828125,154.2958984375,153.8699951171875,154.08799743652344,154.08799743652344,1111620
AAPL,2023-03-16 11:00:00-04:00,154.0800018310547,154.22000122070312,153.88999938964844,154.0399932861328,154.0399932861328,653200
AAPL,2023-03-16 11:05:00-04:00,154.0399932861328,154.58999633789062,153.72000122070312,154.33999633789062,154.33999633789062,1016785
AAPL,2023-03-16 11:10:00-04:00,154.3300018310547,154.5500030517578,154.11000061035156,154.22999572753906,154.22999572753906,783373
AAPL,2023-03-16 11:15:00-04:00,154.24000549316406,154.32000732421875,153.97000122070312,154.1300048828125,154.1300048828125,989529
AAPL,2023-03-16 11:20:00-04:00,154.1300048828125,154.35000610351562,153.7100067138672,153.9600067138672,153.9600067138672,1011666
AAPL,2023-03-16 11:25:00-04:00,153.9600067138672,154.49000549316406,153.9199981689453,154.36000061035156,154.36000061035156,1009537
AAPL,2023-03-16 11:30:00-04:00,154.38670349121094,154.52999877929688,154.0500030517578,154.13999938964844,154.13999938964844,925867
AAPL,2023-03-16 11:35:00-04:00,154.14999389648438,154.77999877929688,154.14999389648438,154.74000549316406,154.74000549316406,859616
AAPL,2023-03-16 11:40:00-04:00,154.75,155.0500030517578,154.72000122070312,155.02999877929688,155.02999877929688,1882462
AAPL,2023-03-16 11:45:00-04:00,155.02999877929688,155.04989624023438,154.6750030517578,154.8699951171875,154.8699951171875,806437
AAPL,2023-03-16 11:50:00-04:00,154.8699951171875,154.89999389648438,154.7100067138672,154.8300018310547,154.8300018310547,552180
AAPL,2023-03-16 11:55:00-04:00,154.82989501953125,155.49000549316406,154.77000427246094,155.1999969482422,155.1999969482422,1025620
AAPL,2023-03-16 12:00:00-04:00,155.17999267578125,155.33999633789062,154.985595703125,155.2100067138672,155.2100067138672,801393
AAPL,2023-03-16 12:05:00-04:00,155.2100067138672,155.2100067138672,154.75999450683594,154.87010192871094,154.87010192871094,868727
AAPL,2023-03-16 12:10:00-04:00,154.875,154.92999267578125,154.27999877929688,154.64999389648438,154.64999389648438,1071952
AAPL,2023-03-16 12:15:00-04:00,154.65150451660156,154.8699951171875,154.58999633789062,154.8302001953125,154.8302001953125,771062
AAPL,2023-03-16 12:20:00-04:00,154.8300018310547,154.9488983154297,154.76040649414062,154.84500122070312,154.84500122070312,496853
AAPL,2023-03-16 12:25:00-04:00,154.83999633789062,154.97999572753906,154.7100067138672,154.80999755859375,154.80999755859375,529097
AAPL,2023-03-16 12:30:00-04:00,154.80999755859375,154.8699951171875,154.6300048828125,154.74000549316406,154.74000549316406,460074
AAPL,2023-03-16 12:35:00-04:00,154.74000549316406,154.77000427246094,154.36000061035156,154.75999450683594,154.75999450683594,675103
AAPL,2023-03-16 12:40:00-04:00,154.75,154.85000610351562,154.65499877929688,154.80999755859375,154.80999755859375,451130
AAPL,2023-03-16 12:45:00-04:00,154.82000732421875,154.91000366210938,154.64999389648438,154.83999633789062,154.83999633789062,632274
AAPL,2023-03-16 12:50:00-04:00,154.83999633789062,155.17999267578125,154.6999969482422,154.83999633789062,154.83999633789062,1347131
AAPL,2023-03-16 12:55:00-04:00,154.8300018310547,155.1999969482422,154.8249053955078,155.1071014404297,155.1071014404297,766799
AAPL,2023-03-16 13:00:00-04:00,155.10000610351562,155.25999450683594,154.8699951171875,155.1999969482422,155.1999969482422,625483
AAPL,2023-03-16 13:05:00-04:00,155.1999969482422,155.22999572753906,154.9199981689453,154.94500732421875,154.94500732421875,617013
AAPL,2023-03-16 13:10:00-04:00,154.94000244140625,155.02000427246094,154.85000610351562,154.8699951171875,154.8699951171875,462679
AAPL,2023-03-16 13:15:00-04:00,154.8699951171875,154.89999389648438,154.39999389648438,154.7100067138672,154.7100067138672,756849
AAPL,2023-03-16 13:20:00-04:00,154.7100067138672,155.02999877929688,154.6750030517578,155.02499389648438,155.02499389648438,576656
AAPL,2023-03-16 13:25:00-04:00,155.02499389648438,155.08999633789062,154.9199981689453,155.0,155.0,472433
AAPL,2023-03-16 13:30:00-04:00,155.0,155.08999633789062,154.82000732421875,154.95010375976562,154.95010375976562,435113
AAPL,2023-03-16 13:35:00-04:00,154.95030212402344,154.97000122070312,154.75,154.97000122070312,154.97000122070312,403781
AAPL,2023-03-16 13:40:00-04:00,154.9633026123047,155.14999389648438,154.93499755859375,155.0399932861328,155.0399932861328,458455
AAPL,2023-03-16 13:45:00-04:00,155.04010009765625,155.2100067138672,155.02999877929688,155.10000610351562,155.10000610351562,432815
AAPL,2023-03-16 13:50:00-04:00,155.10499572753906,155.25999450683594,154.77000427246094,155.23199462890625,155.23199462890625,645903
AAPL,2023-03-16 13:55:00-04:00,155.22999572753906,155.39999389648438,155.19000244140625,155.30999755859375,155.30999755859375,499122
AAPL,2023-03-16 14:00:00-04:00,155.30999755859375,155.32000732421875,155.11000061035156,155.1999969482422,155.1999969482422,526575
AAPL,2023-03-16 14:05:00-04:00,155.2100067138672,155.27999877929688,154.9550018310547,155.25999450683594,155.25999450683594,592443
AAPL,2023-03-16 14:10:00-04:00,155.27000427246094,155.32989501953125,155.0749969482422,155.11000061035156,155.11000061035156,433294
AAPL,2023-03-16 14:15:00-04:00,155.1199951171875,155.1999969482422,154.89999389648438,155.16000366210938,155.16000366210938,565238
AAPL,2023-03-16 14:20:00-04:00,155.16000366210938,155.30999755859375,155.16000366210938,155.24000549316406,155.24000549316406,387513
AAPL,2023-03-16 14:25:00-04:00,155.25,155.5,155.14999389648438,155.476806640625,155.476806640625,494778
AAPL,2023-03-16 14:30:00-04:00,155.47000122070312,155.5,155.05999755859375,155.1300048828125,155.1300048828125,675445
AAPL,2023-03-16 14:35:00-04:00,155.1230926513672,155.50999450683594,155.1230926513672,155.41099548339844,155.41099548339844,670376
AAPL,2023-03-16 14:40:00-04:00,155.4199981689453,155.64999389648438,155.36000061035156,155.6300048828125,155.6300048828125,713512
AAPL,2023-03-16 14:45:00-04:00,155.63009643554688,155.66000366210938,155.49000549316406,155.58999633789062,155.58999633789062,553740
AAPL,2023-03-16 14:50:00-04:00,155.59010314941406,155.77000427246094,155.5500030517578,155.74000549316406,155.74000549316406,532478
AAPL,2023-03-16 14:55:00-04:00,155.74000549316406,155.9499969482422,155.72000122070312,155.9149932861328,155.9149932861328,796675
AAPL,2023-03-16 15:00:00-04:00,155.9149932861328,156.0399932861328,155.86000061035156,155.98500061035156,155.98500061035156,1248751
AAPL,2023-03-16 15:05:00-04:00,155.98500061035156,156.32000732421875,155.97999572753906,156.15310668945312,156.15310668945312,1021038
AAPL,2023-03-16 15:10:00-04:00,156.15359497070312,156.2899932861328,156.10000610351562,156.13499450683594,156.13499450683594,688835
AAPL,2023-03-16 15:15:00-04:00,156.1300048828125,156.3000030517578,156.00999450683594,156.15499877929688,156.15499877929688,701781
AAPL,2023-03-16 15:20:00-04:00,156.15719604492188,156.4600067138672,156.0800018310547,156.32000732421875,156.32000732421875,939160
AAPL,2023-03-16 15:25:00-04:00,156.30999755859375,156.36000061035156,156.14999389648438,156.2550048828125,156.2550048828125,719009
AAPL,2023-03-16 15:30:00-04:00,156.2550048828125,156.2899932861328,156.0500030517578,156.16000366210938,156.16000366210938,717527
AAPL,2023-03-16 15:35:00-04:00,156.1699981689453,156.1750030517578,155.94000244140625,156.10000610351562,156.10000610351562,757060
AAPL,2023-03-16 15:40:00-04:00,156.0850067138672,156.32000732421875,156.0500030517578,156.28500366210938,156.28500366210938,1012713
AAPL,2023-03-16 15:45:00-04:00,156.27999877929688,156.27999877929688,155.9199981689453,156.15499877929688,156.15499877929688,1436000
AAPL,2023-03-16 15:50:00-04:00,156.15499877929688,156.27000427246094,155.85000610351562,155.89500427246094,155.89500427246094,1957867
AAPL,2023-03-16 15:55:00-04:00,155.88999938964844,156.0299072265625,155.60000610351562,155.91000366210938,155.91000366210938,3212223
AAPL,2023-03-17 09:30:00-04:00,156.0800018310547,156.30999755859375,155.25,155.35000610351562,155.35000610351562,18567356
AAPL,2023-03-17 09:35:00-04:00,155.32000732421875,155.89999389648438,155.07899475097656,155.88999938964844,155.88999938964844,1316316
AAPL,2023-03-17 09:40:00-04:00,155.88999938964844,156.02999877929688,155.2100067138672,155.6699981689453,155.6699981689453,1251109
AAPL,2023-03-17 09:45:00-04:00,155.67999267578125,155.77999877929688,155.22000122070312,155.32000732421875,155.32000732421875,894573
AAPL,2023-03-17 09:50:00-04:00,155.32000732421875,155.85000610351562,155.32000732421875,155.46009826660156,155.46009826660156,1155628
AAPL,2023-03-17 09:55:00-04:00,155.47000122070312,155.89999389648438,155.3000030517578,155.80999755859375,155.80999755859375,1007931
AAPL,2023-03-17 10:00:00-04:00,155.80999755859375,156.74000549316406,155.80999755859375,156.67999267578125,156.67999267578125,1846683
AAPL,2023-03-17 10:05:00-04:00,156.69000244140625,156.72999572753906,156.41000366210938,156.50999450683594,156.50999450683594,941258
AAPL,2023-03-17 10:10:00-04:00,156.50999450683594,156.50999450683594,156.0500030517578,156.17999267578125,156.17999267578125,862739
AAPL,2023-03-17 10:15:00-04:00,156.17999267578125,156.33999633789062,155.32000732421875,155.43389892578125,155.43389892578125,1000858
AAPL,2023-03-17 10:20:00-04:00,155.43319702148438,155.55499267578125,154.8800048828125,155.1199951171875,155.1199951171875,1117609
AAPL,2023-03-17 10:25:00-04:00,155.11500549316406,155.3527069091797,154.94000244140625,155.1199951171875,155.1199951171875,1010904
AAPL,2023-03-17 10:30:00-04:00,155.1300048828125,155.5,154.88999938964844,154.97889709472656,154.97889709472656,1019676
AAPL,2023-03-17 10:35:00-04:00,154.98989868164062,155.22000122070312,154.60000610351562,155.13999938964844,155.13999938964844,938409
AAPL,2023-03-17 10:40:00-04:00,155.1300048828125,155.17999267578125,154.63999938964844,154.67999267578125,154.67999267578125,654788
AAPL,2023-03-17 10:45:00-04:00,154.6699981689453,155.00999450683594,154.42010498046875,154.9940948486328,154.9940948486328,716736
AAPL,2023-03-17 10:50:00-04:00,154.99000549316406,155.13999938964844,154.63999938964844,154.7899932861328,154.7899932861328,707038
AAPL,2023-03-17 10:55:00-04:00,154.8000030517578,155.2100067138672,154.64999389648438,155.0399932861328,155.0399932861328,742905
AAPL,2023-03-17 11:00:00-04:00,155.0500030517578,155.1199951171875,154.75,154.97999572753906,154.97999572753906,622520
AAPL,2023-03-17 11:05:00-04:00,155.00999450683594,155.18580627441406,154.6999969482422,155.02000427246094,155.02000427246094,630838
AAPL,2023-03-17 11:10:00-04:00,155.02000427246094,155.17999267578125,154.85000610351562,155.05999755859375,155.05999755859375,413689
AAPL,2023-03-17 11:15:00-04:00,155.05999755859375,155.3699951171875,154.99070739746094,155.22000122070312,155.22000122070312,653155
AAPL,2023-03-17 11:20:00-04:00,155.22000122070312,155.326904296875,154.49000549316406,154.5050048828125,154.5050048828125,652364
AAPL,2023-03-17 11:25:00-04:00,154.50999450683594,154.6999969482422,154.27999877929688,154.6649932861328,154.6649932861328,708561
AAPL,2023-03-17 11:30:00-04:00,154.67999267578125,155.00999450683594,154.6199951171875,154.97999572753906,154.97999572753906,466197
AAPL,2023-03-17 11:35:00-04:00,154.97000122070312,154.99000549316406,154.49000549316406,154.5500030517578,154.5500030517578,503470
AAPL,2023-03-17 11:40:00-04:00,154.5500030517578,154.61000061035156,154.3800048828125,154.58999633789062,154.58999633789062,454207
AAPL,2023-03-17 11:45:00-04:00,154.58999633789062,154.97000122070312,154.57000732421875,154.91009521484375,154.91009521484375,486193
AAPL,2023-03-17 11:50:00-04:00,154.9199981689453,154.97000122070312,154.77000427246094,154.77999877929688,154.77999877929688,338998
AAPL,2023-03-17 11:55:00-04:00,154.78500366210938,155.1300048828125,154.75999450683594,155.0500030517578,155.0500030517578,637128
AAPL,2023-03-17 12:00:00-04:00,155.05999755859375,155.2100067138672,154.99000549316406,155.0800018310547,155.0800018310547,536429
AAPL,2023-03-17 12:05:00-04:00,155.07000732421875,155.39999389648438,154.89999389648438,155.36000061035156,155.36000061035156,563475
AAPL,2023-03-17 12:10:00-04:00,155.36900329589844,155.3760986328125,155.14999389648438,155.1999969482422,155.1999969482422,416883
AAPL,2023-03-17 12:15:00-04:00,155.1999969482422,155.3699951171875,155.01499938964844,155.10000610351562,155.10000610351562,482089
AAPL,2023-03-17 12:20:00-04:00,155.10000610351562,155.2100067138672,154.94000244140625,155.07000732421875,155.07000732421875,373427
AAPL,2023-03-17 12:25:00-04:00,155.07000732421875,155.33999633789062,155.05999755859375,155.22999572753906,155.22999572753906,422839
AAPL,2023-03-17 12:30:00-04:00,155.24000549316406,155.7100067138672,155.22999572753906,155.39990234375,155.39990234375,815932
AAPL,2023-03-17 12:35:00-04:00,155.38999938964844,155.46499633789062,155.15179443359375,155.2003936767578,155.2003936767578,365780
AAPL,2023-03-17 12:40:00-04:00,155.1999969482422,155.27999877929688,155.1199951171875,155.22520446777344,155.22520446777344,295309
AAPL,2023-03-17 12:45:00-04:00,155.22000122070312,155.25999450683594,155.0399932861328,155.1699981689453,155.1699981689453,340925
AAPL,2023-03-17 12:50:00-04:00,155.1649932861328,155.38999938964844,154.9550018310547,154.9842987060547,154.9842987060547,375326
AAPL,2023-03-17 12:55:00-04:00,154.97999572753906,155.33999633789062,154.97000122070312,155.27000427246094,155.27000427246094,335319
AAPL,2023-03-17 13:00:00-04:00,155.27499389648438,155.41000366210938,155.2545928955078,155.38999938964844,155.38999938964844,292876
AAPL,2023-03-17 13:05:00-04:00,155.38999938964844,155.6300048828125,155.38800048828125,155.5749969482422,155.5749969482422,382484
AAPL,2023-03-17 13:10:00-04:00,155.57000732421875,155.83999633789062,155.52999877929688,155.81500244140625,155.81500244140625,992947
AAPL,2023-03-17 13:15:00-04:00,155.8300018310547,155.8350067138672,155.38999938964844,155.57000732421875,155.57000732421875,509911
AAPL,2023-03-17 13:20:00-04:00,155.57000732421875,155.85000610351562,155.52999877929688,155.64999389648438,155.64999389648438,520754
AAPL,2023-03-17 13:25:00-04:00,155.64999389648438,155.65989685058594,155.4698944091797,155.55999755859375,155.55999755859375,319591
AAPL,2023-03-17 13:30:00-04:00,155.5500030517578,155.8300018310547,155.33999633789062,155.41000366210938,155.41000366210938,440973
AAPL,2023-03-17 13:35:00-04:00,155.408203125,155.58999633789062,155.27000427246094,155.58999633789062,155.58999633789062,410776
AAPL,2023-03-17 13:40:00-04:00,155.58470153808594,155.67349243164062,155.24000549316406,155.6699981689453,155.6699981689453,398219
AAPL,2023-03-17 13:45:00-04:00,155.6699981689453,155.83999633789062,155.6199951171875,155.74000549316406,155.74000549316406,420265
AAPL,2023-03-17 13:50:00-04:00,155.75,155.8300018310547,155.47000122070312,155.59500122070312,155.59500122070312,326857
AAPL,2023-03-17 13:55:00-04:00,155.5821075439453,155.8000030517578,155.47000122070312,155.79949951171875,155.79949951171875,310350
AAPL,2023-03-17 14:00:00-04:00,155.8000030517578,156.0299072265625,155.7100067138672,155.74000549316406,155.74000549316406,719833
AAPL,2023-03-17 14:05:00-04:00,155.72000122070312,155.7899932861328,155.33999633789062,155.4582977294922,155.4582977294922,422452
AAPL,2023-03-17 14:10:00-04:00,155.47000122070312,155.49000549316406,155.27999877929688,155.29010009765625,155.29010009765625,355702
AAPL,2023-03-17 14:15:00-04:00,155.3199005126953,155.4499969482422,155.16000366210938,155.24899291992188,155.24899291992188,411811
AAPL,2023-03-17 14:20:00-04:00,155.2449951171875,155.3300018310547,155.00999450683594,155.0500030517578,155.0500030517578,381263
AAPL,2023-03-17 14:25:00-04:00,155.0500030517578,155.05999755859375,154.8800048828125,154.97999572753906,154.97999572753906,477962
AAPL,2023-03-17 14:30:00-04:00,154.97999572753906,155.1678009033203,154.9149932861328,155.0500030517578,155.0500030517578,577270
AAPL,2023-03-17 14:35:00-04:00,155.0478973388672,155.08999633789062,154.8699951171875,155.00999450683594,155.00999450683594,382545
AAPL,2023-03-17 14:40:00-04:00,154.99000549316406,155.05999755859375,154.83999633789062,154.97500610351562,154.97500610351562,445048
AAPL,2023-03-17 14:45:00-04:00,154.96499633789062,154.985595703125,154.82000732421875,154.9246063232422,154.9246063232422,386867
AAPL,2023-03-17 14:50:00-04:00,154.9199981689453,155.13999938964844,154.6699981689453,155.07989501953125,155.07989501953125,771921
AAPL,2023-03-17 14:55:00-04:00,155.08999633789062,155.1999969482422,154.8699951171875,154.9199981689453,154.9199981689453,586023
AAPL,2023-03-17 15:00:00-04:00,154.92999267578125,155.00999450683594,154.60000610351562,154.75140380859375,154.75140380859375,684392
AAPL,2023-03-17 15:05:00-04:00,154.75999450683594,154.80999755859375,154.38999938964844,154.6300048828125,154.6300048828125,731710
AAPL,2023-03-17 15:10:00-04:00,154.63499450683594,154.88999938964844,154.57000732421875,154.8000030517578,154.8000030517578,776267
AAPL,2023-03-17 15:15:00-04:00,154.7949981689453,155.1300048828125,154.6300048828125,155.0,155.0,837108
AAPL,2023-03-17 15:20:00-04:00,154.99000549316406,155.17999267578125,154.9149932861328,155.17010498046875,155.17010498046875,520431
AAPL,2023-03-17 15:25:00-04:00,155.17239379882812,155.22000122070312,154.94000244140625,155.1199951171875,155.1199951171875,684623
AAPL,2023-03-17 15:30:00-04:00,155.11000061035156,155.13999938964844,154.75999450683594,155.01319885253906,155.01319885253906,703971
AAPL,2023-03-17 15:35:00-04:00,155.01499938964844,155.0399932861328,154.83999633789062,154.9499969482422,154.9499969482422,716406
AAPL,2023-03-17 15:40:00-04:00,154.95350646972656,155.22999572753906,154.94000244140625,155.19000244140625,155.19000244140625,674724
AAPL,2023-03-17 15:45:00-04:00,155.19000244140625,155.1999969482422,154.8300018310547,154.91000366210938,154.91000366210938,1016571
AAPL,2023-03-17 15:50:00-04:00,154.88999938964844,155.41000366210938,154.82000732421875,155.35000610351562,155.35000610351562,1506178
AAPL,2023-03-17 15:55:00-04:00,155.33999633789062,155.42999267578125,154.97000122070312,155.0050048828125,155.0050048828125,2437086
NFLX,2023-03-13 09:30:00-04:00,287.3399963378906,288.8900146484375,286.064208984375,287.57000732421875,287.57000732421875,283339
NFLX,2023-03-13 09:35:00-04:00,287.6700134277344,287.6700134277344,285.3301086425781,287.0,287.0,116790
NFLX,2023-03-13 09:40:00-04:00,287.0899963378906,287.54998779296875,286.0799865722656,287.1199035644531,287.1199035644531,82237
NFLX,2023-03-13 09:45:00-04:00,286.760009765625,290.6199951171875,285.8599853515625,290.375,290.375,111683
NFLX,2023-03-13 09:50:00-04:00,290.4700012207031,291.6600036621094,290.0299987792969,291.29998779296875,291.29998779296875,139687
NFLX,2023-03-13 09:55:00-04:00,291.260009765625,293.4700012207031,290.7300109863281,292.0849914550781,292.0849914550781,140017
NFLX,2023-03-13 10:00:00-04:00,292.010009765625,293.285888671875,290.9700012207031,292.9949951171875,292.9949951171875,190593
NFLX,2023-03-13 10:05:00-04:00,292.8999938964844,293.9599914550781,291.30499267578125,292.7650146484375,292.7650146484375,133693
NFLX,2023-03-13 10:10:00-04:00,292.7392883300781,293.2699890136719,290.75,291.2900085449219,291.2900085449219,82073
NFLX,2023-03-13 10:15:00-04:00,291.2300109863281,291.2300109863281,289.239990234375,289.5201110839844,289.5201110839844,72328
NFLX,2023-03-13 10:20:00-04:00,289.739990234375,291.45001220703125,289.2200012207031,289.8900146484375,289.8900146484375,64371
NFLX,2023-03-13 10:25:00-04:00,289.9700012207031,291.1700134277344,289.6615905761719,290.6099853515625,290.6099853515625,57792
NFLX,2023-03-13 10:30:00-04:00,290.8399963378906,292.8399963378906,290.4700012207031,292.45001220703125,292.45001220703125,93715
NFLX,2023-03-13 10:35:00-04:00,292.45001220703125,292.6098937988281,290.79998779296875,291.0,291.0,80982
NFLX,2023-03-13 10:40:00-04:00,291.1099853515625,292.8699035644531,290.8999938964844,292.2099914550781,292.2099914550781,88983
NFLX,2023-03-13 10:45:00-04:00,292.489990234375,293.5,292.07000732421875,292.29998779296875,292.29998779296875,97409
NFLX,2023-03-13 10:50:00-04:00,292.44000244140625,292.83990478515625,291.2300109863281,292.3999938964844,292.3999938964844,83789
NFLX,2023-03-13 10:55:00-04:00,292.4949951171875,295.29998779296875,292.4949951171875,295.2900085449219,295.2900085449219,190384
NFLX,2023-03-13 11:00:00-04:00,295.3900146484375,296.6499938964844,294.30499267578125,294.8399963378906,294.8399963378906,214194
NFLX,2023-03-13 11:05:00-04:00,294.82501220703125,295.3900146484375,293.1199951171875,294.04010009765625,294.04010009765625,162808
NFLX,2023-03-13 11:10:00-04:00,294.19000244140625,295.9599914550781,294.19000244140625,295.1549987792969,295.1549987792969,77458
NFLX,2023-03-13 11:15:00-04:00,295.25,297.6400146484375,295.25,297.17999267578125,297.17999267578125,120294
NFLX,2023-03-13 11:20:00-04:00,297.2699890136719,297.8042907714844,295.760009765625,296.239990234375,296.239990234375,107345
NFLX,2023-03-13 11:25:00-04:00,296.42999267578125,297.98028564453125,296.42999267578125,297.7550048828125,297.7550048828125,81187
NFLX,2023-03-13 11:30:00-04:00,297.8299865722656,298.08349609375,296.1400146484375,296.2974853515625,296.2974853515625,76165
NFLX,2023-03-13 11:35:00-04:00,296.29998779296875,296.3999938964844,295.29998779296875,295.739990234375,295.739990234375,69938
NFLX,2023-03-13 11:40:00-04:00,295.79998779296875,297.2699890136719,295.79998779296875,297.2699890136719,297.2699890136719,54339
NFLX,2023-03-13 11:45:00-04:00,297.29998779296875,299.239990234375,297.0694885253906,298.8999938964844,298.8999938964844,124755
NFLX,2023-03-13 11:50:00-04:00,298.864990234375,298.864990234375,296.9219970703125,296.9750061035156,296.9750061035156,91802
NFLX,2023-03-13 11:55:00-04:00,296.6700134277344,297.9800109863281,296.3700866699219,297.95001220703125,297.95001220703125,54129
NFLX,2023-03-13 12:00:00-04:00,297.95001220703125,299.0799865722656,296.7601013183594,297.65728759765625,297.65728759765625,85525
NFLX,2023-03-13 12:05:00-04:00,297.69000244140625,298.8800048828125,297.3800048828125,298.2699890136719,298.2699890136719,51553
NFLX,2023-03-13 12:10:00-04:00,298.1199951171875,298.45001220703125,296.9200134277344,297.2200012207031,297.2200012207031,33023
NFLX,2023-03-13 12:15:00-04:00,297.0,297.9150085449219,296.5,296.6050109863281,296.6050109863281,33055
NFLX,2023-03-13 12:20:00-04:00,296.6099853515625,296.8900146484375,295.4200134277344,295.5400085449219,295.5400085449219,42975
NFLX,2023-03-13 12:25:00-04:00,295.5299987792969,296.010009765625,295.20001220703125,295.99591064453125,295.99591064453125,36382
NFLX,2023-03-13 12:30:00-04:00,295.8500061035156,296.2298889160156,295.25,295.4150085449219,295.4150085449219,21256
NFLX,2023-03-13 12:35:00-04:00,295.5150146484375,296.7699890136719,295.5150146484375,296.19500732421875,296.19500732421875,29452
NFLX,2023-03-13 12:40:00-04:00,296.0799865722656,297.0899963378906,295.739990234375,296.3099975585937,296.3099975585937,50182
NFLX,2023-03-13 12:45:00-04:00,295.989990234375,296.760009765625,294.3999938964844,294.9649963378906,294.9649963378906,35400
NFLX,2023-03-13 12:50:00-04:00,294.9078063964844,295.4100036621094,294.29998779296875,295.30499267578125,295.30499267578125,35536
NFLX,2023-03-13 12:55:00-04:00,295.3399963378906,295.5599975585937,294.1400146484375,294.6300048828125,294.6300048828125,30826
NFLX,2023-03-13 13:00:00-04:00,294.75,295.1532897949219,294.0,294.7799987792969,294.7799987792969,39496
NFLX,2023-03-13 13:05:00-04:00,295.010009765625,295.0921936035156,294.0899963378906,295.0,295.0,18396
NFLX,2023-03-13 13:10:00-04:00,295.1000061035156,295.2300109863281,294.2099914550781,294.69000244140625,294.69000244140625,36371
NFLX,2023-03-13 13:15:00-04:00,294.5899963378906,295.2300109863281,294.0,294.2799987792969,294.2799987792969,48194
NFLX,2023-03-13 13:20:00-04:00,294.1499938964844,294.4403991699219,293.7300109863281,294.1400146484375,294.1400146484375,26100
NFLX,2023-03-13 13:25:00-04:00,294.135009765625,295.20001220703125,294.0,294.7099914550781,294.7099914550781,33547
NFLX,2023-03-13 13:30:00-04:00,294.7500915527344,294.9599914550781,294.0,294.0,294.0,20729
NFLX,2023-03-13 13:35:00-04:00,294.0400085449219,296.4700012207031,293.8500061035156,295.82000732421875,295.82000732421875,42731
NFLX,2023-03-13 13:40:00-04:00,296.0,296.260009765625,295.3301086425781,295.6700134277344,295.6700134277344,32374
NFLX,2023-03-13 13:45:00-04:00,295.9100036621094,295.9100036621094,295.0201110839844,295.1199951171875,295.1199951171875,28430
NFLX,2023-03-13 13:50:00-04:00,295.0899963378906,295.6300048828125,294.9966125488281,295.1700134277344,295.1700134277344,20736
NFLX,2023-03-13 13:55:00-04:00,295.20001220703125,295.8800048828125,295.20001220703125,295.7699890136719,295.7699890136719,26381
NFLX,2023-03-13 14:00:00-04:00,295.7799987792969,297.0799865722656,295.7799987792969,296.2799987792969,296.2799987792969,51513
NFLX,2023-03-13 14:05:00-04:00,296.17999267578125,296.54998779296875,295.92498779296875,296.010009765625,296.010009765625,22909
NFLX,2023-03-13 14:10:00-04:00,296.010009765625,297.04998779296875,295.9800109863281,296.8699951171875,296.8699951171875,37759
NFLX,2023-03-13 14:15:00-04:00,296.8999938964844,297.3900146484375,296.489990234375,296.989990234375,296.989990234375,36545
NFLX,2023-03-13 14:20:00-04:00,296.95001220703125,298.0,296.7300109863281,297.8800048828125,297.8800048828125,56165
NFLX,2023-03-13 14:25:00-04:00,297.9607849121094,298.2200012207031,297.19000244140625,297.2799987792969,297.2799987792969,54626
NFLX,2023-03-13 14:30:00-04:00,297.2799987792969,298.6199951171875,297.2799987792969,298.3099975585937,298.3099975585937,37450
NFLX,2023-03-13 14:35:00-04:00,298.20001220703125,298.20001220703125,296.42999267578125,296.75,296.75,33739
NFLX,2023-03-13 14:40:00-04:00,296.94000244140625,297.8099975585937,296.489990234375,297.2901916503906,297.2901916503906,44653
NFLX,2023-03-13 14:45:00-04:00,297.25,297.25,296.489990234375,297.1400146484375,297.1400146484375,32117
NFLX,2023-03-13 14:50:00-04:00,297.0199890136719,297.4200134277344,296.69000244140625,297.4200134277344,297.4200134277344,25338
NFLX,2023-03-13 14:55:00-04:00,297.5199890136719,297.989990234375,297.1199951171875,297.91180419921875,297.91180419921875,39851
NFLX,2023-03-13 15:00:00-04:00,297.9800109863281,298.25,296.4800109863281,296.5199890136719,296.5199890136719,82589
NFLX,2023-03-13 15:05:00-04:00,296.4349975585937,297.42999267578125,296.32501220703125,296.8699951171875,296.8699951171875,41707
NFLX,2023-03-13 15:10:00-04:00,296.8599853515625,298.07000732421875,296.8399963378906,298.07000732421875,298.07000732421875,63220
NFLX,2023-03-13 15:15:00-04:00,298.1199951171875,298.3599853515625,296.8500061035156,297.0150146484375,297.0150146484375,69399
NFLX,2023-03-13 15:20:00-04:00,296.9800109863281,296.9800109863281,295.0014038085937,295.0700988769531,295.0700988769531,58621
NFLX,2023-03-13 15:25:00-04:00,295.0799865722656,295.1300048828125,294.04998779296875,294.8900146484375,294.8900146484375,76070
NFLX,2023-03-13 15:30:00-04:00,294.5000915527344,295.4100036621094,294.5000915527344,295.3999938964844,295.3999938964844,78022
NFLX,2023-03-13 15:35:00-04:00,295.3299865722656,295.7200012207031,294.9700012207031,295.2699890136719,295.2699890136719,64229
NFLX,2023-03-13 15:40:00-04:00,295.3399963378906,295.989990234375,294.8500061035156,295.135009765625,295.135009765625,74328
NFLX,2023-03-13 15:45:00-04:00,295.2200012207031,295.5450134277344,294.45001220703125,294.4849853515625,294.4849853515625,57460
NFLX,2023-03-13 15:50:00-04:00,294.3900146484375,294.44000244140625,293.54998779296875,293.69000244140625,293.69000244140625,160096
NFLX,2023-03-13 15:55:00-04:00,293.67999267578125,293.989990234375,293.29998779296875,293.4800109863281,293.4800109863281,293725
NFLX,2023-03-14 09:30:00-04:00,295.9700012207031,297.45001220703125,294.67999267578125,295.8500061035156,295.8500061035156,209136
NFLX,2023-03-14 09:35:00-04:00,295.8500061035156,297.0,295.5400085449219,296.1499938964844,296.1499938964844,128852
NFLX,2023-03-14 09:40:00-04:00,296.1499938964844,296.1499938964844,293.5935974121094,293.6400146484375,293.6400146484375,83342
NFLX,2023-03-14 09:45:00-04:00,293.7799987792969,294.1000061035156,292.67999267578125,292.67999267578125,292.67999267578125,152442
NFLX,2023-03-14 09:50:00-04:00,292.70001220703125,293.19000244140625,291.5400085449219,292.3450012207031,292.3450012207031,157220
NFLX,2023-03-14 09:55:00-04:00,292.25,292.9999084472656,291.10211181640625,292.6300048828125,292.6300048828125,166803
NFLX,2023-03-14 10:00:00-04:00,292.7900085449219,293.1600036621094,291.7900085449219,292.8800048828125,292.8800048828125,125337
NFLX,2023-03-14 10:05:00-04:00,292.95001220703125,293.0599975585937,291.79998779296875,292.0137023925781,292.0137023925781,132886
NFLX,2023-03-14 10:10:00-04:00,292.07000732421875,294.45001220703125,291.8949890136719,293.7850036621094,293.7850036621094,201088
NFLX,2023-03-14 10:15:00-04:00,293.7799987792969,294.1499938964844,293.44000244140625,293.75,293.75,106196
NFLX,2023-03-14 10:20:00-04:00,293.81500244140625,294.68560791015625,293.6300048828125,294.57000732421875,294.57000732421875,118260
NFLX,2023-03-14 10:25:00-04:00,294.5599975585937,295.2699890136719,294.45001220703125,294.7059936523437,294.7059936523437,96138
NFLX,2023-03-14 10:30:00-04:00,294.6000061035156,295.6000061035156,294.55059814453125,295.2699890136719,295.2699890136719,120615
NFLX,2023-03-14 10:35:00-04:00,295.1700134277344,295.1700134277344,293.55499267578125,293.69000244140625,293.69000244140625,66710
NFLX,2023-03-14 10:40:00-04:00,293.70001220703125,294.1199035644531,292.7099914550781,292.9599914550781,292.9599914550781,75196
NFLX,2023-03-14 10:45:00-04:00,292.9549865722656,293.9200134277344,292.8299865722656,293.90838623046875,293.90838623046875,60252
NFLX,2023-03-14 10:50:00-04:00,293.8299865722656,295.3099975585937,293.614990234375,294.5780944824219,294.5780944824219,96853
NFLX,2023-03-14 10:55:00-04:00,294.5140075683594,294.760009765625,293.8900146484375,294.2699890136719,294.2699890136719,57723
NFLX,2023-03-14 11:00:00-04:00,294.3699951171875,295.1752014160156,294.2139892578125,294.73760986328125,294.73760986328125,58984
NFLX,2023-03-14 11:05:00-04:00,294.8841857910156,295.17999267578125,294.7900085449219,294.94000244140625,294.94000244140625,43808
NFLX,2023-03-14 11:10:00-04:00,294.8297119140625,295.05499267578125,294.635009765625,294.69000244140625,294.69000244140625,52596
NFLX,2023-03-14 11:15:00-04:00,294.66900634765625,295.0400085449219,294.3900146484375,295.010009765625,295.010009765625,61013
NFLX,2023-03-14 11:20:00-04:00,295.010009765625,295.2550048828125,294.70001220703125,295.1400146484375,295.1400146484375,78765
NFLX,2023-03-14 11:25:00-04:00,295.25,295.5,294.25,294.2900085449219,294.2900085449219,95853
NFLX,2023-03-14 11:30:00-04:00,294.4049987792969,294.4949951171875,293.5,293.5,293.5,49007
NFLX,2023-03-14 11:35:00-04:00,293.5599975585937,294.07000732421875,293.1499938964844,294.0400085449219,294.0400085449219,30703
NFLX,2023-03-14 11:40:00-04:00,294.0899963378906,294.3399963378906,293.31500244140625,293.82000732421875,293.82000732421875,35284
NFLX,2023-03-14 11:45:00-04:00,293.9200134277344,294.20001220703125,293.2900085449219,293.6700134277344,293.6700134277344,45827
NFLX,2023-03-14 11:50:00-04:00,293.760009765625,294.4299011230469,293.70001220703125,294.20001220703125,294.20001220703125,38542
NFLX,2023-03-14 11:55:00-04:00,294.2200012207031,295.0899963378906,294.1499938964844,294.6744079589844,294.6744079589844,52790
NFLX,2023-03-14 12:00:00-04:00,294.70001220703125,295.1300048828125,294.70001220703125,294.8599853515625,294.8599853515625,22913
NFLX,2023-03-14 12:05:00-04:00,294.8399963378906,294.8999938964844,294.2257080078125,294.79998779296875,294.79998779296875,36629
NFLX,2023-03-14 12:10:00-04:00,294.79998779296875,295.010009765625,294.55010986328125,294.6849975585937,294.6849975585937,27589
NFLX,2023-03-14 12:15:00-04:00,294.45001220703125,294.8399963378906,294.125,294.32000732421875,294.32000732421875,26236
NFLX,2023-03-14 12:20:00-04:00,294.1499938964844,294.44000244140625,293.82501220703125,294.3800048828125,294.3800048828125,24513
NFLX,2023-03-14 12:25:00-04:00,294.29998779296875,294.79998779296875,294.0700988769531,294.6650085449219,294.6650085449219,41684
NFLX,2023-03-14 12:30:00-04:00,294.5849914550781,295.8699951171875,294.4549865722656,295.2300109863281,295.2300109863281,109676
NFLX,2023-03-14 12:35:00-04:00,295.1600036621094,296.1600036621094,295.07000732421875,295.7300109863281,295.7300109863281,38017
NFLX,2023-03-14 12:40:00-04:00,295.6199951171875,295.7699890136719,294.9200134277344,295.5700988769531,295.5700988769531,36475
NFLX,2023-03-14 12:45:00-04:00,295.7099914550781,297.07000732421875,295.7099914550781,297.0398864746094,297.0398864746094,72844
NFLX,2023-03-14 12:50:00-04:00,296.95001220703125,297.1000061035156,296.0172119140625,296.2900085449219,296.2900085449219,47588
NFLX,2023-03-14 12:55:00-04:00,296.04998779296875,296.07000732421875,295.3999938964844,295.8500061035156,295.8500061035156,36085
NFLX,2023-03-14 13:00:00-04:00,295.7449951171875,296.4700012207031,295.7449951171875,295.8699951171875,295.8699951171875,42402
NFLX,2023-03-14 13:05:00-04:00,296.010009765625,296.07000732421875,294.69000244140625,294.7200012207031,294.7200012207031,31749
NFLX,2023-03-14 13:10:00-04:00,294.6300048828125,294.7099914550781,293.7231140136719,293.7231140136719,293.7231140136719,49674
NFLX,2023-03-14 13:15:00-04:00,293.6199951171875,293.6199951171875,292.4599914550781,293.30499267578125,293.30499267578125,61662
NFLX,2023-03-14 13:20:00-04:00,293.2701110839844,294.3800048828125,293.0599975585937,294.22711181640625,294.22711181640625,75119
NFLX,2023-03-14 13:25:00-04:00,294.125,295.17999267578125,294.0899963378906,294.94000244140625,294.94000244140625,49557
NFLX,2023-03-14 13:30:00-04:00,294.8299865722656,294.94000244140625,293.95001220703125,294.4649963378906,294.4649963378906,38218
NFLX,2023-03-14 13:35:00-04:00,294.4100036621094,295.1400146484375,294.25,294.7349853515625,294.7349853515625,34584
NFLX,2023-03-14 13:40:00-04:00,294.5899963378906,294.95001220703125,293.3800048828125,293.4150085449219,293.4150085449219,34111
NFLX,2023-03-14 13:45:00-04:00,293.3699951171875,294.1000061035156,293.20001220703125,294.1000061035156,294.1000061035156,30259
NFLX,2023-03-14 13:50:00-04:00,293.95001220703125,294.19000244140625,293.6199951171875,293.6600036621094,293.6600036621094,17664
NFLX,2023-03-14 13:55:00-04:00,293.69000244140625,293.8500061035156,293.010009765625,293.8500061035156,293.8500061035156,24886
NFLX,2023-03-14 14:00:00-04:00,293.8299865722656,294.1000061035156,292.75,292.7699890136719,292.7699890136719,38639
NFLX,2023-03-14 14:05:00-04:00,292.7799987792969,292.9200134277344,292.1000061035156,292.79998779296875,292.79998779296875,46096
NFLX,2023-03-14 14:10:00-04:00,292.7200012207031,293.1098937988281,292.4252014160156,292.6300048828125,292.6300048828125,19332
NFLX,2023-03-14 14:15:00-04:00,292.4700012207031,292.57000732421875,291.4700012207031,292.07000732421875,292.07000732421875,49260
NFLX,2023-03-14 14:20:00-04:00,292.04998779296875,292.69000244140625,291.7101135253906,292.4700012207031,292.4700012207031,28698
NFLX,2023-03-14 14:25:00-04:00,292.510009765625,293.5,292.4800109863281,293.16668701171875,293.16668701171875,24016
NFLX,2023-03-14 14:30:00-04:00,293.2130126953125,293.6499938964844,292.9107971191406,293.4599914550781,293.4599914550781,45828
NFLX,2023-03-14 14:35:00-04:00,293.44659423828125,293.44659423828125,292.8432006835937,292.85009765625,292.85009765625,28399
NFLX,2023-03-14 14:40:00-04:00,292.9700012207031,293.0299987792969,292.0599975585937,292.2218933105469,292.2218933105469,28825
NFLX,2023-03-14 14:45:00-04:00,292.2099914550781,292.760009765625,292.1099853515625,292.3699951171875,292.3699951171875,38486
NFLX,2023-03-14 14:50:00-04:00,292.3099975585937,293.0899963378906,292.1400146484375,292.6499938964844,292.6499938964844,52734
NFLX,2023-03-14 14:55:00-04:00,292.6099853515625,292.6955871582031,291.5,291.69000244140625,291.69000244140625,20856
NFLX,2023-03-14 15:00:00-04:00,291.8699951171875,292.45001220703125,291.6000061035156,292.4150085449219,292.4150085449219,45408
NFLX,2023-03-14 15:05:00-04:00,292.3500061035156,292.5799865722656,291.1241149902344,291.32000732421875,291.32000732421875,73063
NFLX,2023-03-14 15:10:00-04:00,291.3099975585937,291.3099975585937,290.5599975585937,290.8900146484375,290.8900146484375,60595
NFLX,2023-03-14 15:15:00-04:00,290.8800048828125,291.5199890136719,290.3099975585937,291.45001220703125,291.45001220703125,96904
NFLX,2023-03-14 15:20:00-04:00,291.5400085449219,291.7900085449219,290.8599853515625,291.04998779296875,291.04998779296875,49187
NFLX,2023-03-14 15:25:00-04:00,291.0708923339844,291.3399963378906,290.8900146484375,291.3399963378906,291.3399963378906,27993
NFLX,2023-03-14 15:30:00-04:00,291.1499938964844,291.9800109863281,290.9700012207031,291.9800109863281,291.9800109863281,47671
NFLX,2023-03-14 15:35:00-04:00,291.9800109863281,292.8699951171875,291.9800109863281,292.5,292.5,52827
NFLX,2023-03-14 15:40:00-04:00,292.45001220703125,293.2737121582031,292.29998779296875,293.1369934082031,293.1369934082031,65567
NFLX,2023-03-14 15:45:00-04:00,293.2250061035156,293.6700134277344,292.8035888671875,293.3399963378906,293.3399963378906,82749
NFLX,2023-03-14 15:50:00-04:00,293.3999938964844,294.1700134277344,293.3599853515625,294.114990234375,294.114990234375,154896
NFLX,2023-03-14 15:55:00-04:00,294.17999267578125,295.1600036621094,294.17999267578125,295.0,295.0,280480
NFLX,2023-03-15 09:30:00-04:00,292.510009765625,294.739990234375,292.2799987792969,294.7134094238281,294.7134094238281,211265
NFLX,2023-03-15 09:35:00-04:00,294.5400085449219,295.9700012207031,293.6700134277344,295.2099914550781,295.2099914550781,201003
NFLX,2023-03-15 09:40:00-04:00,295.20001220703125,297.1199951171875,294.2851867675781,296.1499938964844,296.1499938964844,149606
NFLX,2023-03-15 09:45:00-04:00,296.5,296.8699035644531,295.1788024902344,296.1300048828125,296.1300048828125,77419
NFLX,2023-03-15 09:50:00-04:00,296.0400085449219,296.3699951171875,295.2221069335937,296.20001220703125,296.20001220703125,95665
NFLX,2023-03-15 09:55:00-04:00,296.0899963378906,297.1000061035156,295.3901062011719,296.0299072265625,296.0299072265625,105981
NFLX,2023-03-15 10:00:00-04:00,295.739990234375,297.8800048828125,295.3999938964844,297.73760986328125,297.73760986328125,148876
NFLX,2023-03-15 10:05:00-04:00,297.7449951171875,299.2900085449219,297.6000061035156,298.1400146484375,298.1400146484375,297779
NFLX,2023-03-15 10:10:00-04:00,298.3999938964844,298.5799865722656,296.21240234375,296.5,296.5,116863
NFLX,2023-03-15 10:15:00-04:00,296.45001220703125,297.0268859863281,295.3599853515625,296.54998779296875,296.54998779296875,133418
NFLX,2023-03-15 10:20:00-04:00,296.739990234375,297.635009765625,296.1549987792969,296.2850036621094,296.2850036621094,84356
NFLX,2023-03-15 10:25:00-04:00,296.239990234375,297.4700012207031,296.0599975585937,297.1400146484375,297.1400146484375,66320
NFLX,2023-03-15 10:30:00-04:00,296.95001220703125,297.6499938964844,296.2200012207031,296.2250061035156,296.2250061035156,73903
NFLX,2023-03-15 10:35:00-04:00,296.0400085449219,297.2650146484375,295.4700012207031,295.6700134277344,295.6700134277344,63633
NFLX,2023-03-15 10:40:00-04:00,295.70001220703125,296.2699890136719,295.3099975585937,296.125,296.125,64401
NFLX,2023-03-15 10:45:00-04:00,296.135009765625,296.135009765625,295.0400085449219,295.29998779296875,295.29998779296875,61301
NFLX,2023-03-15 10:50:00-04:00,295.3550109863281,295.9599914550781,294.4115905761719,295.75,295.75,84994
NFLX,2023-03-15 10:55:00-04:00,295.7900085449219,297.7900085449219,295.5,297.4949951171875,297.4949951171875,72019
NFLX,2023-03-15 11:00:00-04:00,297.5899963378906,297.6000061035156,296.4100036621094,297.2099914550781,297.2099914550781,98565
NFLX,2023-03-15 11:05:00-04:00,297.2485046386719,298.29150390625,296.79998779296875,297.4849853515625,297.4849853515625,95606
NFLX,2023-03-15 11:10:00-04:00,297.5682067871094,299.1700134277344,297.3901062011719,299.1700134277344,299.1700134277344,94527
NFLX,2023-03-15 11:15:00-04:00,299.0950012207031,299.6700134277344,298.6300048828125,299.29998779296875,299.29998779296875,112093
NFLX,2023-03-15 11:20:00-04:00,299.260009765625,299.4198913574219,298.3399963378906,298.8699951171875,298.8699951171875,107741
NFLX,2023-03-15 11:25:00-04:00,298.760009765625,300.1300048828125,298.69500732421875,299.5599975585937,299.5599975585937,131885
NFLX,2023-03-15 11:30:00-04:00,299.4800109863281,300.3363952636719,299.0899963378906,299.8800048828125,299.8800048828125,90426
NFLX,2023-03-15 11:35:00-04:00,299.7864074707031,300.25030517578125,299.539794921875,299.6099853515625,299.6099853515625,85660
NFLX,2023-03-15 11:40:00-04:00,299.5450134277344,301.46990966796875,299.5450134277344,301.46990966796875,301.46990966796875,109738
NFLX,2023-03-15 11:45:00-04:00,301.3500061035156,302.5,301.3500061035156,301.9700012207031,301.9700012207031,174467
NFLX,2023-03-15 11:50:00-04:00,302.07000732421875,302.3599853515625,301.5556945800781,301.82501220703125,301.82501220703125,72959
NFLX,2023-03-15 11:55:00-04:00,301.4949951171875,302.0849914550781,301.3500061035156,301.6654968261719,301.6654968261719,80990
NFLX,2023-03-15 12:00:00-04:00,301.79998779296875,302.69000244140625,301.5101013183594,301.7349853515625,301.7349853515625,150957
NFLX,2023-03-15 12:05:00-04:00,301.7349853515625,301.79998779296875,300.6300048828125,300.7650146484375,300.7650146484375,62692
NFLX,2023-03-15 12:10:00-04:00,300.70001220703125,301.0299072265625,300.4700012207031,300.8699951171875,300.8699951171875,64213
NFLX,2023-03-15 12:15:00-04:00,300.8299865722656,302.5899963378906,300.760009765625,301.5799865722656,301.5799865722656,100668
NFLX,2023-03-15 12:20:00-04:00,301.5238037109375,301.69989013671875,300.6000061035156,300.760009765625,300.760009765625,51262
NFLX,2023-03-15 12:25:00-04:00,300.6300048828125,300.7200012207031,299.6600036621094,300.010009765625,300.010009765625,91591
NFLX,2023-03-15 12:30:00-04:00,300.0,300.4200134277344,299.8299865722656,300.135009765625,300.135009765625,62109
NFLX,2023-03-15 12:35:00-04:00,300.07720947265625,300.4800109863281,298.5599975585937,298.84991455078125,298.84991455078125,64304
NFLX,2023-03-15 12:40:00-04:00,298.6700134277344,299.3399963378906,298.6000061035156,298.8949890136719,298.8949890136719,58202
NFLX,2023-03-15 12:45:00-04:00,298.9700012207031,299.25,298.489990234375,298.7200012207031,298.7200012207031,44308
NFLX,2023-03-15 12:50:00-04:00,298.7738037109375,298.8699951171875,298.1700134277344,298.2200012207031,298.2200012207031,46860
NFLX,2023-03-15 12:55:00-04:00,298.1549987792969,298.7499084472656,297.6499938964844,298.7499084472656,298.7499084472656,58477
NFLX,2023-03-15 13:00:00-04:00,298.5299987792969,298.8099975585937,298.1099853515625,298.4800109863281,298.4800109863281,54441
NFLX,2023-03-15 13:05:00-04:00,298.54998779296875,299.8099060058594,298.5050048828125,299.4637145996094,299.4637145996094,66118
NFLX,2023-03-15 13:10:00-04:00,299.54998779296875,300.5,299.5400085449219,300.5,300.5,65899
NFLX,2023-03-15 13:15:00-04:00,300.5003967285156,301.2799987792969,300.5,301.0799865722656,301.0799865722656,82847
NFLX,2023-03-15 13:20:00-04:00,301.07000732421875,301.7898864746094,300.9200134277344,301.4800109863281,301.4800109863281,79008
NFLX,2023-03-15 13:25:00-04:00,301.3399963378906,302.260009765625,301.2200927734375,301.9093017578125,301.9093017578125,71444
NFLX,2023-03-15 13:30:00-04:00,301.82000732421875,302.2799987792969,301.44000244140625,302.2799987792969,302.2799987792969,56070
NFLX,2023-03-15 13:35:00-04:00,302.29998779296875,302.9700012207031,302.1801147460937,302.260009765625,302.260009765625,107561
NFLX,2023-03-15 13:40:00-04:00,302.260009765625,302.3599853515625,301.2099914550781,301.2799987792969,301.2799987792969,66500
NFLX,2023-03-15 13:45:00-04:00,301.20001220703125,301.64990234375,300.9150085449219,301.3999938964844,301.3999938964844,47855
NFLX,2023-03-15 13:50:00-04:00,301.3299865722656,303.1499938964844,301.32000732421875,303.1499938964844,303.1499938964844,70107
NFLX,2023-03-15 13:55:00-04:00,303.1400146484375,303.6000061035156,302.7200012207031,303.239990234375,303.239990234375,86173
NFLX,2023-03-15 14:00:00-04:00,303.1700134277344,303.760009765625,302.6700134277344,302.9100036621094,302.9100036621094,80432
NFLX,2023-03-15 14:05:00-04:00,302.8299865722656,302.9811096191406,301.3236083984375,301.54998779296875,301.54998779296875,96345
NFLX,2023-03-15 14:10:00-04:00,301.4800109863281,301.8800048828125,301.0,301.0,301.0,76384
NFLX,2023-03-15 14:15:00-04:00,301.0,302.760009765625,300.6050109863281,302.4800109863281,302.4800109863281,88771
NFLX,2023-03-15 14:20:00-04:00,302.3099975585937,304.260009765625,302.19000244140625,304.0899963378906,304.0899963378906,104578
NFLX,2023-03-15 14:25:00-04:00,304.08709716796875,305.9200134277344,303.9700012207031,305.1300048828125,305.1300048828125,139025
NFLX,2023-03-15 14:30:00-04:00,305.04010009765625,306.20001220703125,303.739990234375,304.82501220703125,304.82501220703125,144494
NFLX,2023-03-15 14:35:00-04:00,304.7300109863281,305.25,304.0,304.6099853515625,304.6099853515625,80346
NFLX,2023-03-15 14:40:00-04:00,304.6099853515625,305.14990234375,304.04998779296875,304.4100036621094,304.4100036621094,51033
NFLX,2023-03-15 14:45:00-04:00,304.3714904785156,304.94000244140625,304.1000061035156,304.2950134277344,304.2950134277344,68947
NFLX,2023-03-15 14:50:00-04:00,304.2200927734375,305.3800048828125,303.7135009765625,305.260009765625,305.260009765625,81371
NFLX,2023-03-15 14:55:00-04:00,305.29998779296875,305.8999938964844,305.0083923339844,305.8999938964844,305.8999938964844,105648
NFLX,2023-03-15 15:00:00-04:00,305.8999938964844,306.19989013671875,304.8500061035156,305.1000061035156,305.1000061035156,112012
NFLX,2023-03-15 15:05:00-04:00,305.17999267578125,305.7699890136719,304.0199890136719,304.1300048828125,304.1300048828125,79654
NFLX,2023-03-15 15:10:00-04:00,304.125,305.0,303.8099975585937,304.95001220703125,304.95001220703125,107159
NFLX,2023-03-15 15:15:00-04:00,304.95001220703125,305.54998779296875,304.75,304.9049987792969,304.9049987792969,64883
NFLX,2023-03-15 15:20:00-04:00,304.70001220703125,305.9200134277344,304.5299987792969,305.6549987792969,305.6549987792969,108642
NFLX,2023-03-15 15:25:00-04:00,305.5899963378906,306.2099914550781,304.8399963378906,305.7987060546875,305.7987060546875,124489
NFLX,2023-03-15 15:30:00-04:00,305.7200012207031,306.3099975585937,305.2120056152344,305.3399963378906,305.3399963378906,94471
NFLX,2023-03-15 15:35:00-04:00,305.3399963378906,305.3399963378906,303.7544860839844,304.04998779296875,304.04998779296875,101253
NFLX,2023-03-15 15:40:00-04:00,304.0199890136719,304.3299865722656,302.90008544921875,303.92999267578125,303.92999267578125,132630
NFLX,2023-03-15 15:45:00-04:00,303.9200134277344,304.34991455078125,303.5400085449219,304.25,304.25,111102
NFLX,2023-03-15 15:50:00-04:00,303.9800109863281,304.1846923828125,302.0,302.1300048828125,302.1300048828125,262460
NFLX,2023-03-15 15:55:00-04:00,302.260009765625,304.0,302.1499938964844,303.9100036621094,303.9100036621094,471352
NFLX,2023-03-16 09:30:00-04:00,304.75,305.0,302.2300109863281,303.8299865722656,303.8299865722656,224118
NFLX,2023-03-16 09:35:00-04:00,303.6499938964844,304.25,302.20001220703125,303.489990234375,303.489990234375,76224
NFLX,2023-03-16 09:40:00-04:00,303.5899963378906,304.8999938964844,303.3599853515625,304.4971923828125,304.4971923828125,124368
NFLX,2023-03-16 09:45:00-04:00,304.3511962890625,304.8299865722656,302.1199951171875,303.0144958496094,303.0144958496094,68269
NFLX,2023-03-16 09:50:00-04:00,303.1050109863281,303.5,302.4599914550781,302.815185546875,302.815185546875,57918
NFLX,2023-03-16 09:55:00-04:00,302.69000244140625,304.3500061035156,302.6199951171875,304.010009765625,304.010009765625,72560
NFLX,2023-03-16 10:00:00-04:00,303.8900146484375,305.1409912109375,303.4599914550781,304.0299987792969,304.0299987792969,81725
NFLX,2023-03-16 10:05:00-04:00,303.6300964355469,303.6300964355469,301.7099914550781,301.8999938964844,301.8999938964844,80263
NFLX,2023-03-16 10:10:00-04:00,301.9100036621094,303.7998962402344,301.9100036621094,303.1099853515625,303.1099853515625,71208
NFLX,2023-03-16 10:15:00-04:00,302.8999938964844,303.6000061035156,302.7300109863281,303.0,303.0,30778
NFLX,2023-03-16 10:20:00-04:00,302.94000244140625,303.8599853515625,302.32000732421875,303.8599853515625,303.8599853515625,41422
NFLX,2023-03-16 10:25:00-04:00,303.7850036621094,304.34991455078125,303.4800109863281,304.1221923828125,304.1221923828125,44419
NFLX,2023-03-16 10:30:00-04:00,304.20001220703125,304.75,303.7040100097656,303.8900146484375,303.8900146484375,40765
NFLX,2023-03-16 10:35:00-04:00,303.8299865722656,305.1099853515625,303.8299865722656,304.92999267578125,304.92999267578125,41318
NFLX,2023-03-16 10:40:00-04:00,304.9599914550781,306.6700134277344,304.9599914550781,306.1099853515625,306.1099853515625,109473
NFLX,2023-03-16 10:45:00-04:00,306.17498779296875,308.4800109863281,306.1700134277344,307.885009765625,307.885009765625,125860
NFLX,2023-03-16 10:50:00-04:00,307.92999267578125,309.0799865722656,307.5199890136719,308.9599914550781,308.9599914550781,113706
NFLX,2023-03-16 10:55:00-04:00,308.95001220703125,309.4100036621094,308.2900085449219,309.0150146484375,309.0150146484375,100812
NFLX,2023-03-16 11:00:00-04:00,308.95001220703125,309.32000732421875,308.1300048828125,308.1300048828125,308.1300048828125,84785
NFLX,2023-03-16 11:05:00-04:00,308.0,310.2998962402344,307.82000732421875,310.04998779296875,310.04998779296875,103326
NFLX,2023-03-16 11:10:00-04:00,310.010009765625,311.1700134277344,309.8999938964844,310.8949890136719,310.8949890136719,133035
NFLX,2023-03-16 11:15:00-04:00,310.8949890136719,312.44000244140625,310.6000061035156,312.1600036621094,312.1600036621094,159629
NFLX,2023-03-16 11:20:00-04:00,312.1596069335937,313.3299865722656,311.7799987792969,313.20001220703125,313.20001220703125,175227
NFLX,2023-03-16 11:25:00-04:00,313.0799865722656,313.989990234375,312.7305908203125,313.79998779296875,313.79998779296875,232744
NFLX,2023-03-16 11:30:00-04:00,313.739990234375,314.2200012207031,312.5799865722656,312.8599853515625,312.8599853515625,263311
NFLX,2023-03-16 11:35:00-04:00,312.9200134277344,313.7300109863281,312.8099975585937,313.5799865722656,313.5799865722656,101627
NFLX,2023-03-16 11:40:00-04:00,313.6549987792969,315.1499938964844,313.6549987792969,314.70001220703125,314.70001220703125,123476
NFLX,2023-03-16 11:45:00-04:00,314.7359924316406,314.8599853515625,313.7200012207031,314.25250244140625,314.25250244140625,74700
NFLX,2023-03-16 11:50:00-04:00,314.2998962402344,314.6199951171875,313.5400085449219,314.385009765625,314.385009765625,66302
NFLX,2023-03-16 11:55:00-04:00,314.3299865722656,315.4599914550781,314.239990234375,314.92999267578125,314.92999267578125,93614
NFLX,2023-03-16 12:00:00-04:00,314.8450012207031,316.1300048828125,314.6700134277344,315.9700012207031,315.9700012207031,158706
NFLX,2023-03-16 12:05:00-04:00,315.86138916015625,316.29998779296875,314.94000244140625,315.0299987792969,315.0299987792969,152043
NFLX,2023-03-16 12:10:00-04:00,315.1300048828125,315.1300048828125,313.6300048828125,313.8800048828125,313.8800048828125,119666
NFLX,2023-03-16 12:15:00-04:00,313.9599914550781,314.6400146484375,313.5400085449219,314.572998046875,314.572998046875,138794
NFLX,2023-03-16 12:20:00-04:00,314.5,314.6299133300781,313.8299865722656,314.6099853515625,314.6099853515625,62961
NFLX,2023-03-16 12:25:00-04:00,314.635009765625,314.889892578125,313.8299865722656,314.7099914550781,314.7099914550781,82813
NFLX,2023-03-16 12:30:00-04:00,314.6300964355469,314.7099914550781,313.8399963378906,314.19000244140625,314.19000244140625,36561
NFLX,2023-03-16 12:35:00-04:00,314.0299987792969,314.44000244140625,313.6499938964844,314.4299011230469,314.4299011230469,47996
NFLX,2023-03-16 12:40:00-04:00,314.260009765625,314.5,313.75,314.45001220703125,314.45001220703125,41307
NFLX,2023-03-16 12:45:00-04:00,314.3739929199219,315.3099975585937,314.3699951171875,315.2300109863281,315.2300109863281,74227
NFLX,2023-03-16 12:50:00-04:00,315.2900085449219,316.2300109863281,315.0101013183594,315.19000244140625,315.19000244140625,97655
NFLX,2023-03-16 12:55:00-04:00,315.1700134277344,316.07000732421875,315.1400146484375,315.83599853515625,315.83599853515625,51628
NFLX,2023-03-16 13:00:00-04:00,315.8999938964844,316.0145874023437,315.3900146484375,315.9599914550781,315.9599914550781,42961
NFLX,2023-03-16 13:05:00-04:00,315.8999938964844,316.0899963378906,315.4301147460937,315.727294921875,315.727294921875,47991
NFLX,2023-03-16 13:10:00-04:00,315.6300048828125,315.6300048828125,314.95001220703125,315.0899963378906,315.0899963378906,52846
NFLX,2023-03-16 13:15:00-04:00,315.1600036621094,315.2699890136719,313.9100036621094,314.19000244140625,314.19000244140625,78511
NFLX,2023-03-16 13:20:00-04:00,314.1000061035156,314.6600036621094,313.92999267578125,314.3500061035156,314.3500061035156,57095
NFLX,2023-03-16 13:25:00-04:00,314.3399963378906,314.4100036621094,313.6199951171875,313.6199951171875,313.6199951171875,47441
NFLX,2023-03-16 13:30:00-04:00,313.739990234375,314.260009765625,313.1849975585937,313.602294921875,313.602294921875,70300
NFLX,2023-03-16 13:35:00-04:00,313.57000732421875,313.6600036621094,312.8599853515625,313.5299987792969,313.5299987792969,98906
NFLX,2023-03-16 13:40:00-04:00,313.5299987792969,313.6799011230469,313.1000061035156,313.6799011230469,313.6799011230469,36781
NFLX,2023-03-16 13:45:00-04:00,313.6099853515625,313.8399963378906,313.3500061035156,313.3900146484375,313.3900146484375,34744
NFLX,2023-03-16 13:50:00-04:00,313.4750061035156,313.54998779296875,312.6700134277344,313.2349853515625,313.2349853515625,53351
NFLX,2023-03-16 13:55:00-04:00,313.2434997558594,313.34991455078125,313.0599975585937,313.1300048828125,313.1300048828125,29438
NFLX,2023-03-16 14:00:00-04:00,313.04998779296875,313.1600036621094,312.7300109863281,312.9200134277344,312.9200134277344,38601
NFLX,2023-03-16 14:05:00-04:00,312.9200134277344,312.9200134277344,312.17999267578125,312.4150085449219,312.4150085449219,60594
NFLX,2023-03-16 14:10:00-04:00,312.5199890136719,312.79998779296875,312.0199890136719,312.0199890136719,312.0199890136719,74975
NFLX,2023-03-16 14:15:00-04:00,312.0400085449219,312.1000061035156,311.2550048828125,312.0195007324219,312.0195007324219,98625
NFLX,2023-03-16 14:20:00-04:00,311.8999938964844,312.44000244140625,311.2799987792969,311.3399963378906,311.3399963378906,55985
NFLX,2023-03-16 14:25:00-04:00,311.2200012207031,312.0,310.9599914550781,311.743896484375,311.743896484375,70231
NFLX,2023-03-16 14:30:00-04:00,311.7699890136719,311.7900085449219,310.364990234375,310.4599914550781,310.4599914550781,87240
NFLX,2023-03-16 14:35:00-04:00,310.4349975585937,310.86529541015625,310.42010498046875,310.5799865722656,310.5799865722656,95183
NFLX,2023-03-16 14:40:00-04:00,310.6449890136719,312.17999267578125,310.6449890136719,312.0450134277344,312.0450134277344,98204
NFLX,2023-03-16 14:45:00-04:00,312.0205993652344,312.1517028808594,311.260009765625,311.30718994140625,311.30718994140625,66501
NFLX,2023-03-16 14:50:00-04:00,311.25,311.4949951171875,310.7799987792969,310.9200134277344,310.9200134277344,76606
NFLX,2023-03-16 14:55:00-04:00,310.92999267578125,311.6733093261719,310.7699890136719,311.1700134277344,311.1700134277344,78280
NFLX,2023-03-16 15:00:00-04:00,311.1099853515625,311.32000732421875,310.4612121582031,310.5299987792969,310.5299987792969,91383
NFLX,2023-03-16 15:05:00-04:00,310.510009765625,311.4301147460937,310.489990234375,310.739990234375,310.739990234375,61766
NFLX,2023-03-16 15:10:00-04:00,310.7650146484375,311.010009765625,310.3999938964844,310.3999938964844,310.3999938964844,100717
NFLX,2023-03-16 15:15:00-04:00,310.3800048828125,311.2900085449219,310.20001220703125,311.17498779296875,311.17498779296875,94270
NFLX,2023-03-16 15:20:00-04:00,311.1549987792969,311.75,310.8299865722656,311.4100036621094,311.4100036621094,95928
NFLX,2023-03-16 15:25:00-04:00,311.3699951171875,311.6000061035156,311.17999267578125,311.45001220703125,311.45001220703125,72429
NFLX,2023-03-16 15:30:00-04:00,311.45001220703125,311.6000061035156,310.6199951171875,311.260009765625,311.260009765625,85407
NFLX,2023-03-16 15:35:00-04:00,311.17999267578125,311.2898864746094,310.5599975585937,310.69500732421875,310.69500732421875,66470
NFLX,2023-03-16 15:40:00-04:00,310.7414855957031,311.29998779296875,310.7414855957031,310.95001220703125,310.95001220703125,89643
NFLX,2023-03-16 15:45:00-04:00,311.0086975097656,311.0199890136719,309.6499938964844,309.739990234375,309.739990234375,154037
NFLX,2023-03-16 15:50:00-04:00,309.75,310.2698059082031,309.3399963378906,309.5150146484375,309.5150146484375,222782
NFLX,2023-03-16 15:55:00-04:00,309.510009765625,310.1400146484375,308.92498779296875,309.92999267578125,309.92999267578125,380859
NFLX,2023-03-17 09:30:00-04:00,310.0599975585937,310.760009765625,308.29998779296875,310.1700134277344,310.1700134277344,634926
NFLX,2023-03-17 09:35:00-04:00,309.9100036621094,310.0400085449219,307.1700134277344,308.1698913574219,308.1698913574219,125530
NFLX,2023-03-17 09:40:00-04:00,308.0450134277344,308.2449951171875,305.8800048828125,306.7950134277344,306.7950134277344,142228
NFLX,2023-03-17 09:45:00-04:00,306.74639892578125,306.7799987792969,305.5599975585937,305.8900146484375,305.8900146484375,68161
NFLX,2023-03-17 09:50:00-04:00,305.8900146484375,306.5,305.3999938964844,306.3638000488281,306.3638000488281,83700
NFLX,2023-03-17 09:55:00-04:00,306.45001220703125,307.5899963378906,306.32501220703125,306.8500061035156,306.8500061035156,125796
NFLX,2023-03-17 10:00:00-04:00,306.989990234375,309.8116149902344,306.989990234375,308.6874084472656,308.6874084472656,118279
NFLX,2023-03-17 10:05:00-04:00,308.6875,308.75,306.8800964355469,307.1199951171875,307.1199951171875,60129
NFLX,2023-03-17 10:10:00-04:00,306.95001220703125,307.3500061035156,306.1065979003906,306.69061279296875,306.69061279296875,62626
NFLX,2023-03-17 10:15:00-04:00,306.9599914550781,307.30499267578125,305.2799987792969,305.45001220703125,305.45001220703125,55216
NFLX,2023-03-17 10:20:00-04:00,305.489990234375,305.9700012207031,304.0586853027344,304.2762145996094,304.2762145996094,87332
NFLX,2023-03-17 10:25:00-04:00,304.239990234375,304.75,303.04998779296875,303.1000061035156,303.1000061035156,81126
NFLX,2023-03-17 10:30:00-04:00,303.0599975585937,303.6199951171875,302.1546936035156,302.2799987792969,302.2799987792969,136420
NFLX,2023-03-17 10:35:00-04:00,302.260009765625,302.8599853515625,301.8099975585937,302.5,302.5,136076
NFLX,2023-03-17 10:40:00-04:00,302.5799865722656,302.8299865722656,301.4162902832031,301.4599914550781,301.4599914550781,74052
NFLX,2023-03-17 10:45:00-04:00,301.6000061035156,301.9800109863281,301.1099853515625,301.9200134277344,301.9200134277344,82918
NFLX,2023-03-17 10:50:00-04:00,301.9898986816406,302.1600036621094,301.4100036621094,301.760009765625,301.760009765625,79038
NFLX,2023-03-17 10:55:00-04:00,301.7012023925781,303.5899963378906,301.6820983886719,303.3699951171875,303.3699951171875,76371
NFLX,2023-03-17 11:00:00-04:00,303.4700012207031,303.8699951171875,302.6600036621094,303.8699951171875,303.8699951171875,60228
NFLX,2023-03-17 11:05:00-04:00,303.9200134277344,304.7998962402344,303.3800964355469,304.489990234375,304.489990234375,72130
NFLX,2023-03-17 11:10:00-04:00,304.489990234375,305.0,304.29998779296875,304.8299865722656,304.8299865722656,54788
NFLX,2023-03-17 11:15:00-04:00,304.8900146484375,305.31988525390625,304.239990234375,304.3904113769531,304.3904113769531,49329
NFLX,2023-03-17 11:20:00-04:00,304.5,304.79998779296875,302.510009765625,302.8550109863281,302.8550109863281,57341
NFLX,2023-03-17 11:25:00-04:00,302.9798889160156,303.618408203125,302.2001037597656,303.368896484375,303.368896484375,37739
NFLX,2023-03-17 11:30:00-04:00,303.239990234375,303.67999267578125,302.8703918457031,303.5799865722656,303.5799865722656,37594
NFLX,2023-03-17 11:35:00-04:00,303.3699951171875,303.5299072265625,302.20001220703125,302.3299865722656,302.3299865722656,39158
NFLX,2023-03-17 11:40:00-04:00,302.4800109863281,302.6499938964844,302.0126037597656,302.28009033203125,302.28009033203125,28334
NFLX,2023-03-17 11:45:00-04:00,302.3500061035156,304.0299987792969,302.30010986328125,303.82000732421875,303.82000732421875,54867
NFLX,2023-03-17 11:50:00-04:00,303.9721984863281,304.0799865722656,303.19000244140625,303.57000732421875,303.57000732421875,79832
NFLX,2023-03-17 11:55:00-04:00,303.67999267578125,304.09991455078125,303.2099914550781,303.2099914550781,303.2099914550781,58415
NFLX,2023-03-17 12:00:00-04:00,303.2900085449219,303.4490966796875,303.0400085449219,303.260009765625,303.260009765625,32942
NFLX,2023-03-17 12:05:00-04:00,303.25,304.010009765625,303.1000061035156,303.8999938964844,303.8999938964844,70154
NFLX,2023-03-17 12:10:00-04:00,303.8999938964844,304.010009765625,303.3399963378906,303.6499938964844,303.6499938964844,30618
NFLX,2023-03-17 12:15:00-04:00,303.5799865722656,303.7099914550781,302.7300109863281,302.7900085449219,302.7900085449219,32998
NFLX,2023-03-17 12:20:00-04:00,302.95001220703125,303.42999267578125,302.7699890136719,303.32501220703125,303.32501220703125,24640
NFLX,2023-03-17 12:25:00-04:00,303.364990234375,304.2699890136719,303.364990234375,303.760009765625,303.760009765625,55371
NFLX,2023-03-17 12:30:00-04:00,303.8699951171875,304.82501220703125,303.70001220703125,303.760009765625,303.760009765625,72245
NFLX,2023-03-17 12:35:00-04:00,303.760009765625,303.8800048828125,303.3800048828125,303.5899963378906,303.5899963378906,37320
NFLX,2023-03-17 12:40:00-04:00,303.7099914550781,304.010009765625,303.1068115234375,303.2699890136719,303.2699890136719,25905
NFLX,2023-03-17 12:45:00-04:00,303.19000244140625,303.19000244140625,302.4100036621094,302.5,302.5,36009
NFLX,2023-03-17 12:50:00-04:00,302.5,302.8800048828125,302.15008544921875,302.30499267578125,302.30499267578125,47771
NFLX,2023-03-17 12:55:00-04:00,302.2699890136719,303.2099914550781,302.2300109863281,302.69000244140625,302.69000244140625,31091
NFLX,2023-03-17 13:00:00-04:00,302.739990234375,303.6098937988281,302.6300048828125,303.49969482421875,303.49969482421875,29407
NFLX,2023-03-17 13:05:00-04:00,303.55499267578125,303.8999938964844,303.4200134277344,303.6099853515625,303.6099853515625,29183
NFLX,2023-03-17 13:10:00-04:00,303.639892578125,304.089599609375,303.57000732421875,303.9200134277344,303.9200134277344,18449
NFLX,2023-03-17 13:15:00-04:00,303.92999267578125,303.92999267578125,302.79010009765625,303.2391052246094,303.2391052246094,25744
NFLX,2023-03-17 13:20:00-04:00,303.29998779296875,303.8825988769531,303.0299987792969,303.0610046386719,303.0610046386719,16146
NFLX,2023-03-17 13:25:00-04:00,303.212890625,303.45001220703125,303.0299987792969,303.3900146484375,303.3900146484375,13722
NFLX,2023-03-17 13:30:00-04:00,303.3500061035156,303.9789123535156,303.0,303.1700134277344,303.1700134277344,24909
NFLX,2023-03-17 13:35:00-04:00,303.260009765625,303.2799987792969,302.8550109863281,303.19500732421875,303.19500732421875,13138
NFLX,2023-03-17 13:40:00-04:00,303.25,303.25,302.7300109863281,303.0,303.0,27070
NFLX,2023-03-17 13:45:00-04:00,303.0,303.92498779296875,303.0,303.5199890136719,303.5199890136719,28621
NFLX,2023-03-17 13:50:00-04:00,303.4700012207031,303.989990234375,303.3599853515625,303.8349914550781,303.8349914550781,26260
NFLX,2023-03-17 13:55:00-04:00,303.8349914550781,304.0,303.6600036621094,304.0,304.0,44724
NFLX,2023-03-17 14:00:00-04:00,304.0400085449219,304.4798889160156,303.5400085449219,303.7749938964844,303.7749938964844,66805
NFLX,2023-03-17 14:05:00-04:00,303.8800048828125,304.25,303.5,303.5599975585937,303.5599975585937,55332
NFLX,2023-03-17 14:10:00-04:00,303.5,303.6199951171875,302.94000244140625,302.94000244140625,302.94000244140625,21284
NFLX,2023-03-17 14:15:00-04:00,302.92999267578125,303.3999938964844,302.5,302.5350036621094,302.5350036621094,72121
NFLX,2023-03-17 14:20:00-04:00,302.6000061035156,302.7950134277344,301.79998779296875,301.9100036621094,301.9100036621094,38558
NFLX,2023-03-17 14:25:00-04:00,301.8500061035156,301.8500061035156,301.3900146484375,301.4649963378906,301.4649963378906,43052
NFLX,2023-03-17 14:30:00-04:00,301.3500061035156,301.739990234375,301.2099914550781,301.4800109863281,301.4800109863281,52760
NFLX,2023-03-17 14:35:00-04:00,301.5299987792969,301.65948486328125,300.75,301.0400085449219,301.0400085449219,60248
NFLX,2023-03-17 14:40:00-04:00,300.9800109863281,301.1300048828125,300.70001220703125,300.70001220703125,300.70001220703125,39564
NFLX,2023-03-17 14:45:00-04:00,300.7099914550781,300.7200012207031,300.04010009765625,300.5400085449219,300.5400085449219,114551
NFLX,2023-03-17 14:50:00-04:00,300.5199890136719,301.20001220703125,300.0,301.1000061035156,301.1000061035156,82742
NFLX,2023-03-17 14:55:00-04:00,301.1400146484375,301.3099975585937,300.8500061035156,301.1600036621094,301.1600036621094,64577
NFLX,2023-03-17 15:00:00-04:00,301.2200012207031,301.4898986816406,300.8699951171875,301.07501220703125,301.07501220703125,42160
NFLX,2023-03-17 15:05:00-04:00,301.06451416015625,301.5,300.7099914550781,301.2950134277344,301.2950134277344,53777
NFLX,2023-03-17 15:10:00-04:00,301.3099975585937,302.3299865722656,301.1979064941406,302.1700134277344,302.1700134277344,65880
NFLX,2023-03-17 15:15:00-04:00,302.1650085449219,303.260009765625,302.0899963378906,302.9349975585937,302.9349975585937,77822
NFLX,2023-03-17 15:20:00-04:00,302.9700012207031,303.0400085449219,302.4601135253906,302.79998779296875,302.79998779296875,42965
NFLX,2023-03-17 15:25:00-04:00,302.8800048828125,302.95001220703125,302.260009765625,302.7300109863281,302.7300109863281,47588
NFLX,2023-03-17 15:30:00-04:00,302.8099975585937,302.8099975585937,301.7799987792969,302.07000732421875,302.07000732421875,50168
NFLX,2023-03-17 15:35:00-04:00,302.1600952148437,302.375,301.69000244140625,302.1700134277344,302.1700134277344,86803
NFLX,2023-03-17 15:40:00-04:00,302.1849975585937,303.04998779296875,302.1600036621094,303.04998779296875,303.04998779296875,49302
NFLX,2023-03-17 15:45:00-04:00,303.0,303.0,302.0599975585937,302.2860107421875,302.2860107421875,62845
NFLX,2023-03-17 15:50:00-04:00,302.239990234375,303.57000732421875,302.239990234375,303.510009765625,303.510009765625,170558
NFLX,2023-03-17 15:55:00-04:00,303.54998779296875,303.8299865722656,302.94000244140625,303.4989929199219,303.4989929199219,374446
